component,proposed_name,confidence,rationale,caveat
26,uncertainty in engagement,0.75,"The component reflects a shift in discourse style characterized by hesitance and indecision, particularly in social interactions and commitments.",May overlap with general indecisiveness.
22,uncertainty to assurance,0.85,"The component reflects a shift from expressions of doubt and hesitation to those of confidence and support, indicating a functional discourse style change.",May not capture all nuances of discourse.
17,uncertainty to confidence,0.75,"The component reflects a shift from indecision and uncertainty to a more assertive and confident discourse style, as seen in the examples.",May not capture all nuances of confidence.
32,decisive engagement,0.78,"The component reflects a shift from uncertainty to proactive planning and engagement, indicating a functional discourse style that emphasizes decision-making and commitment.",May not capture all nuances of decisiveness.
38,tentative engagement,0.65,"The component reflects a shift towards uncertainty and conditionality in discourse, indicating a hesitance to commit or engage fully.",May not capture all nuances of uncertainty.
49,uncertainty to eagerness,0.65,"The examples show a shift from self-doubt and hesitation to anticipation and enthusiasm, indicating a transition in discourse style from uncertainty to eagerness.",The confidence is moderate due to overlapping expressions.
29,commitment uncertainty,0.75,"The component reflects a shift in discourse style characterized by indecision and hesitation, particularly in commitments and relationships.",May overlap with general uncertainty.
62,uncertainty in decision-making,0.65,"The component reflects a shift in discourse style characterized by indecision and questioning, indicating a struggle with choices and readiness.",May overlap with general anxiety.
42,uncertainty expression,0.75,"The component reflects a shift in discourse characterized by expressions of doubt and hesitation, indicating uncertainty in decision-making and communication.",May overlap with other uncertainty-related constructs.
58,uncertainty to confidence,0.65,"The component reflects a shift from expressions of doubt and hesitation to assertiveness and certainty in discourse, indicating a transition in confidence levels.",May not capture all nuances of confidence.
