self_delta_pos,self_delta_neg,sign_correct,self_rho,specificity,causal_strength,cross_talk,mi,linear_sep_acc,label_dominance,vad_explained,primitive_score,contrib_self_rho,contrib_sign_correct,contrib_causal_strength,contrib_label_dominance,contrib_vad_explained,contrib_cross_talk,component
0.0044475591275841,-0.03135915054008365,1.0,0.6875,-0.01701355172877407,0.017903354833833873,0.034916906562607944,0.1289090494727807,0.14875,0.25,0.0018727477872744203,1.5617860768826277,0.6875,1.0,0.008951677416916937,-0.125,-0.0009363738936372101,-0.008729226640651986,26
0.013447128934785724,-0.03647998324595392,1.0,0.8125,-0.01164653026584318,0.02496355609036982,0.036610086356213004,0.15131200967052605,0.14750000000000002,0.5,0.009279304184019566,1.5611896043641218,0.8125,1.0,0.01248177804518491,-0.25,-0.004639652092009783,-0.009152521589053251,22
0.006213386193849146,-0.036390787456184626,1.0,0.625,-0.012617747486700186,0.021302086825016886,0.03391983431171707,0.1360730045355334,0.1546875,0.25,0.0007565750856883824,1.501792797291735,0.625,1.0,0.010651043412508443,-0.125,-0.0003782875428441912,-0.008479958577929268,17
0.011396670714020729,-0.03027411943185143,1.0,0.75,-0.01378775026352655,0.02083539507293608,0.03462314533646263,0.15878673621474748,0.1346875,0.625,0.002238482004031539,1.4381426702003366,0.75,1.0,0.01041769753646804,-0.3125,-0.0011192410020157695,-0.008655786334115657,32
0.018285511119756848,-0.02317923167720437,1.0,0.5625,-0.014674899508319201,0.02073237139848061,0.035407270906799806,0.13722182937474736,0.13937500000000003,0.25,0.002626522444188595,1.4377011067504462,0.5625,1.0,0.010366185699240305,-0.125,-0.0013132612220942974,-0.008851817726699952,38
0.014877782785333693,-0.023635160992853343,1.0,0.5625,-0.01373147523467889,0.019256471889093518,0.03298794712377241,0.12501635843517,0.12875,0.25,0.00522245466709137,1.436270021830058,0.5625,1.0,0.009628235944546759,-0.125,-0.002611227333545685,-0.008246986780943103,49
0.02229166857432574,-0.014397427963558584,1.0,0.6875,-0.01734624873631493,0.018344548268942162,0.0356907970052571,0.1842629726530305,0.164375,0.625,0.0006221448420546949,1.3749385024621295,0.6875,1.0,0.009172274134471081,-0.3125,-0.00031107242102734745,-0.008922699251314274,29
0.024636784510221332,-0.016556395741645247,1.0,0.5,-0.015273045425558286,0.02059659012593329,0.03586963555149157,0.13067635233838049,0.138125,0.5,0.00035300879972055554,1.2511543817752335,0.5,1.0,0.010298295062966645,-0.25,-0.00017650439986027777,-0.008967408887872893,62
0.02383462921716273,-0.010952166514471173,1.0,0.5625,-0.017072746783794304,0.01739339786581695,0.03446614464961126,0.15974996832635524,0.14625000000000002,0.625,0.005272292997688055,1.2474440162716616,0.5625,1.0,0.008696698932908475,-0.3125,-0.0026361464988440275,-0.008616536162402814,42
0.010057212319225073,-0.011632886715233326,1.0,0.4375,-0.024476441942891735,0.0108450495172292,0.03532149146012094,0.12496718583477273,0.1353125,0.375,0.0013674506917595863,1.2459084265477045,0.4375,1.0,0.0054225247586146,-0.1875,-0.0006837253458797932,-0.008830372865030234,58
0.0027995924465358257,-0.017551542492583394,1.0,0.4375,-0.024440593830640574,0.01017556746955961,0.034616161300200184,0.12969239431866786,0.1375,0.375,0.0021190629340708256,1.2453742119426943,0.4375,1.0,0.005087783734779805,-0.1875,-0.0010595314670354128,-0.008654040325050046,36
0.010886437608860433,-0.053395134571474046,1.0,0.375,-0.004585769749985681,0.03214078609016724,0.03672655584015292,0.20768735593933885,0.1509375,0.375,0.0033320647198706865,1.19272272172511,0.375,1.0,0.01607039304508362,-0.1875,-0.0016660323599353433,-0.00918163896003823,34
0.05052665341645479,-0.0017277597216889262,1.0,0.625,-0.008068896258053081,0.02612720656907186,0.034196102827124944,0.16440514436356324,0.1471875,0.875,0.0015121513279154897,1.191258501913797,0.625,1.0,0.01306360328453593,-0.4375,-0.0007560756639577448,-0.008549025706781236,1
0.023111026035621762,-0.01954386569559574,1.0,0.6875,-0.013847568086468583,0.021327445865608752,0.03517501395207734,0.16993248101490366,0.14906250000000001,1.0,0.0013895046431571245,1.1886752171232065,0.6875,1.0,0.010663722932804376,-0.5,-0.0006947523215785623,-0.008793753488019335,10
0.010391246061772108,-0.028547866502776742,1.0,0.5,-0.015795561351946423,0.019469556282274425,0.03526511763422085,0.13994645068546152,0.154375,0.625,0.0020606406033039093,1.1873881784309301,0.5,1.0,0.009734778141137213,-0.3125,-0.0010303203016519547,-0.008816279408555212,46
0.008069149684160948,-0.00886941293720156,1.0,0.375,-0.025708585208150676,0.008469281310681254,0.03417786651883193,0.16742013246874388,0.12593749999999998,0.375,0.000720678479410708,1.1828298347859272,0.375,1.0,0.004234640655340627,-0.1875,-0.000360339239705354,-0.008544466629707982,40
0.00987088168039918,-0.0034175225882790983,1.0,0.375,-0.02773923625488625,0.006644202134339139,0.03438343838922539,0.13228633794014533,0.1278125,0.375,0.0004395018331706524,1.1820064905532779,0.375,1.0,0.0033221010671695694,-0.1875,-0.0002197509165853262,-0.008595859597306348,15
0.02038540068315342,-0.011868416040670127,1.0,0.4375,-0.019087390864216205,0.016126908361911774,0.03521429922612798,0.16821387401424337,0.14125000000000001,0.625,0.002522661117836833,1.1229985488155054,0.4375,1.0,0.008063454180955887,-0.3125,-0.0012613305589184165,-0.008803574806531995,30
0.009440393885597587,-0.021772796055302024,1.0,0.625,-0.018879492014151303,0.015606594970449805,0.03448608698460111,0.15408599205208295,0.159375,1.0,0.005240627098828554,1.1215614621896604,0.625,1.0,0.007803297485224903,-0.5,-0.002620313549414277,-0.008621521746150277,9
0.007079169619828463,-0.00783301133196801,1.0,0.25,-0.027748011048912766,0.007456090475898236,0.035204101524811,0.14429607084750717,0.1546875,0.25,0.0014534688089042902,1.1192002854522942,0.25,1.0,0.003728045237949118,-0.125,-0.0007267344044521451,-0.00880102538120275,57
0.025806725199799985,-0.018003190401941538,1.0,0.3125,-0.013210201989937876,0.02190495780087076,0.035115159790808634,0.13405012497073,0.13843750000000002,0.5,0.0024261644575744867,1.063460606723946,0.3125,1.0,0.01095247890043538,-0.25,-0.0012130822287872434,-0.008778789947702158,60
0.019446822814643383,-0.0016966068651527166,1.0,0.25,-0.02432822166006118,0.01057171483989805,0.03489993649995923,0.11970358622601163,0.136875,0.375,0.0009697549394331872,1.0585759958252425,0.25,1.0,0.005285857419949025,-0.1875,-0.0004848774697165936,-0.008724984124989808,11
0.00918992841616273,-0.00616575829917565,1.0,0.1875,-0.028941772391720275,0.00767784335766919,0.03661961574938946,0.1341837404781181,0.1528125,0.25,0.0009390654740855098,1.0567144850044445,0.1875,1.0,0.003838921678834595,-0.125,-0.0004695327370427549,-0.009154903937347365,4
0.01526203379034996,-0.028283035149797797,1.0,0.375,-0.010393896322865557,0.02177253447007388,0.03216643079293943,0.1544392074525609,0.16343749999999999,0.75,0.0012740620877593756,1.0022076284929224,0.375,1.0,0.01088626723503694,-0.375,-0.0006370310438796878,-0.008041607698234858,51
0.016101936111226678,-0.00640275189653039,1.0,0.25,-0.021273583236810133,0.011252344003878534,0.03252592724068867,0.13298535924728272,0.1409375,0.5,0.00019248868920840323,0.9973984458471629,0.25,1.0,0.005626172001939267,-0.25,-9.624434460420161e-05,-0.008131481810172167,23
0.011314721079543233,-0.019210329046472907,1.0,0.1875,-0.018950794331243425,0.01526252506300807,0.0342133193942515,0.20698010432297664,0.134375,0.5,0.000582407636102289,0.9362867288648901,0.1875,1.0,0.007631262531504035,-0.25,-0.0002912038180511445,-0.008553329848562875,31
0.0066839358769357204,-0.0164287812076509,1.0,0.375,-0.022685672756721495,0.01155635854229331,0.034242031299014805,0.14687839864403873,0.1465625,0.875,0.003918531816452742,0.9327584055381666,0.375,1.0,0.005778179271146655,-0.4375,-0.001959265908226371,-0.008560507824753701,50
0.0016196224314626306,-0.00394139823038131,1.0,0.42075317547305485,-0.029539235807619878,0.0027805103309219703,0.03231974613854185,0.1482253657793806,0.1328125,1.0,0.0010474970331415534,0.9135397455873097,0.42075317547305485,1.0,0.0013902551654609852,-0.5,-0.0005237485165707767,-0.008079936534635462,41
0.008899801643565297,-0.02413244399940595,1.0,0.125,-0.019783724329225528,0.016516122821485624,0.03629984715071115,0.1562374825447952,0.125,0.5,0.0004184168064966798,0.8739738912198167,0.125,1.0,0.008258061410742812,-0.25,-0.0002092084032483399,-0.009074961787677787,53
0.004451491637155414,-4.939932841807604e-05,1.0,0.375,-0.03372900150965766,0.002250445482786745,0.0359794469924444,0.14529842968114437,0.16062500000000002,1.0,0.0006875626277178526,0.8667865796794233,0.375,1.0,0.0011252227413933724,-0.5,-0.0003437813138589263,-0.0089948617481111,33
0.01282940967939794,-0.00793086172780022,1.0,0.3125,-0.02441927783273434,0.01038013570359908,0.03479941353633342,0.11506997478486047,0.1453125,1.0,0.0004040624771732837,0.8087881832291295,0.3125,1.0,0.00519006785179954,-0.5,-0.00020203123858664185,-0.008699853384083356,55
0.002238876884803176,-0.018537679687142372,1.0,0.0625,-0.02479439794611637,0.010388278285972774,0.03518267623208914,0.1403839650801939,0.14125000000000001,0.5,0.000222141039557755,0.8087873995651852,0.0625,1.0,0.005194139142986387,-0.25,-0.0001110705197788775,-0.008795669058022286,3
0.007365585304796696,-0.019997132709249854,1.0,0.0625,-0.019616244534965573,0.013681359007023275,0.03329760354198885,0.13204104929888016,0.1425,0.625,0.0013845867943018675,0.7478239852208635,0.0625,1.0,0.0068406795035116374,-0.3125,-0.0006922933971509337,-0.008324400885497213,12
0.00799497275147587,-0.011240670806728303,1.0,0.25,-0.02735650693509905,0.009617821779102087,0.036974328714201136,0.16908090558479305,0.14875,1.0,0.0049116346053779125,0.7431095114083118,0.25,1.0,0.0048089108895510435,-0.5,-0.0024558173026889563,-0.009243582178550284,6
0.014018264133483171,-4.199426621198654e-05,1.0,0.0625,-0.025151732927908944,0.007030129199847579,0.03218186212775652,0.17128449701376525,0.1525,0.875,0.0014195370022207499,0.6197598305668743,0.0625,1.0,0.0035150645999237895,-0.4375,-0.0007097685011103749,-0.00804546553193913,24
-0.003648309502750635,-0.037007411010563374,0.0,0.625,-0.017797281924729413,0.020327860256657004,0.034476832678635785,0.17795024680198956,0.16687500000000002,0.5,0.0003267524589318782,0.3763813457292036,0.625,0.0,0.010163930128328502,-0.25,-0.0001633762294659391,-0.008619208169658946,14
-9.91553533822298e-05,-0.037038835464045405,0.0,0.375,-0.016659731918249265,0.018568995408713818,0.03512957197358085,0.14637673266184015,0.135,0.375,0.0006294436170719564,0.1876873829024257,0.375,0.0,0.009284497704356909,-0.1875,-0.0003147218085359782,-0.008782392993395213,16
-0.004259056411683559,-0.030014814576134086,0.0,0.375,-0.022776490367375248,0.017136935493908823,0.035654369449600515,0.12880581005623926,0.1375,0.375,0.0004143185797147453,0.1869477160946969,0.375,0.0,0.008568467746954411,-0.1875,-0.00020715928985737264,-0.008913592362400129,28
-0.0007708440534770489,-0.009200357599183917,0.0,0.1875,-0.02886651927168252,0.004985600826330483,0.03308127604453595,0.15805536558675648,0.16125,0.25,0.00708423275500536,0.053180365024528574,0.1875,0.0,0.0024928004131652415,-0.125,-0.00354211637750268,-0.008270319011133988,5
0.014573284890502691,0.002422960242256522,0.0,0.3125,-0.026773132470095464,0.008498122566379607,0.03284829479421855,0.16908511500527235,0.1515625,0.5,0.021419450640678406,0.04782726226429596,0.3125,0.0,0.004249061283189803,-0.25,-0.010709725320339203,-0.008212073698554638,27
-8.75059049576521e-06,-0.007025224505923688,0.0,0.375,-0.03099168299504238,0.003516987548209727,0.03449991995275634,0.1669743902627996,0.1840625,0.625,0.020545244216918945,0.04536089167745631,0.375,0.0,0.0017584937741048634,-0.3125,-0.010272622108459473,-0.008624979988189086,37
0.0331500805914402,0.00966784730553627,0.0,0.125,-0.02227130646485695,0.021408963948488235,0.034012423107808915,0.09572233402076824,0.1296875,0.25,0.0003137158928439021,0.002044518250869938,0.125,0.0,0.010704481974244118,-0.125,-0.00015685794642195106,-0.008503105776952229,47
0.021446160855703056,0.005955097498372197,0.0,0.5,-0.02569749931428796,0.013700629177037627,0.033443030992953385,0.17692817075338985,0.1403125,1.0,0.0005167589988559484,-0.0017688226591475072,0.5,0.0,0.006850314588518813,-0.5,-0.0002583794994279742,-0.008360757748238346,52
-0.0031664292328059673,-0.01835798833053559,0.0,0.125,-0.026580908022763666,0.010762208781670779,0.03417668757162848,0.14804166423005283,0.1515625,0.375,0.004031097050756216,-0.06767861602744984,0.125,0.0,0.0053811043908353895,-0.1875,-0.002015548525378108,-0.00854417189290712,18
-0.0076551808742806315,-0.018901259696576744,0.0,0.1875,-0.02836220520366046,0.013278220285428688,0.03398524461480852,0.13417682812003617,0.130625,0.625,0.0015400480479001999,-0.1276272250349379,0.1875,0.0,0.006639110142714344,-0.3125,-0.0007700240239500999,-0.00849631115370213,39
0.011457630898803473,0.011157929431647062,0.0,0.125,-0.03420806237536164,0.011307780165225267,0.03435791310893985,0.14150442678740482,0.12281250000000002,0.5,0.00047494261525571346,-0.1281730595022502,0.125,0.0,0.005653890082612634,-0.25,-0.00023747130762785673,-0.008589478277234962,56
-0.029223360819742084,-0.016155106713995337,0.0,0.0,-0.04399887208077532,0.02268923376686871,0.037464745027901945,0.12942736265651522,0.13781249999999998,0.375,0.0012213148875162005,-0.18613222681729924,0.0,0.0,0.011344616883434355,-0.1875,-0.0006106574437581003,-0.009366186256975486,13
0.034146994876209646,0.006729245302267373,0.0,0.3125,-0.019706512307046013,0.02043812008923851,0.033415387094017146,0.12581248896064823,0.1509375,1.0,0.002760159783065319,-0.1870148666204177,0.3125,0.0,0.010219060044619255,-0.5,-0.0013800798915326595,-0.008353846773504287,43
0.027239841874688864,0.014802912250161171,0.0,0.0625,-0.02704129947914413,0.021021377062425017,0.03325976429140798,0.16852910358760598,0.15875,0.5,0.007872617803514004,-0.1892405614433965,0.0625,0.0,0.010510688531212509,-0.25,-0.003936308901757002,-0.008314941072851995,61
-0.011873585288412869,-0.01808648998849094,0.0,0.0,-0.030937508545494416,0.014980037638451904,0.03404396089553345,0.1551906809528525,0.14781249999999999,0.375,0.0017712601693347096,-0.18940660148932476,0.0,0.0,0.007490018819225952,-0.1875,-0.0008856300846673548,-0.008510990223883363,0
0.010940611944533885,0.00246702681761235,0.0,0.0625,-0.030820813732076666,0.006703819381073117,0.03505760629553743,0.15801248564323256,0.14562499999999998,0.5,0.0020711091347038746,-0.19394804645069974,0.0625,0.0,0.0033519096905365586,-0.25,-0.0010355545673519373,-0.008764401573884358,2
-0.0049484423361718655,-0.0026838183403015137,0.0,-0.125,-0.035050036483823085,0.0038161303382366896,0.03391772448588791,0.13134310204173572,0.129375,0.25,0.00538034038618207,-0.25926153614544467,-0.125,0.0,0.0019080651691183448,-0.125,-0.002690170193091035,-0.008479431121471977,19
-0.0025626763235777617,-0.02586480393074453,0.0,0.0,-0.023239410661127682,0.014213740127161145,0.034890474464711066,0.13294699155505718,0.125625,0.625,0.0005296318558976054,-0.314380564480546,0.0,0.0,0.007106870063580573,-0.3125,-0.0002648159279488027,-0.008722618616177766,54
0.037333177169784904,0.033309509977698326,0.0,-0.1875,-0.032287805395580585,0.035321343573741615,0.034299638991623874,0.13765128446069008,0.12062500000000001,0.375,0.003365030512213707,-0.367596753217142,-0.1875,0.0,0.017660671786870807,-0.1875,-0.0016825152561068535,-0.008574909747905968,59
0.03381606412585825,0.010010163183324039,0.0,0.125,-0.0229506751734695,0.021913113654591143,0.034853625644736604,0.17244623407654425,0.13624999999999998,1.0,0.00037538050673902035,-0.3729445398372581,0.125,0.0,0.010956556827295572,-0.5,-0.00018769025336951017,-0.008713406411184151,21
0.007621657568961382,0.013550991658121347,0.0,-0.1875,-0.038750740292940344,0.010586324613541365,0.03578607324836036,0.13360480918214446,0.138125,0.375,0.0003564892685972154,-0.378831600639618,-0.1875,0.0,0.005293162306770682,-0.1875,-0.0001782446342986077,-0.00894651831209009,20
0.004357980913482606,0.012879480607807636,0.0,-0.125,-0.04049214489038734,0.008618730760645121,0.036231395043224826,0.16840608402717505,0.135625,0.5,0.0033457670360803604,-0.38142136689852385,-0.125,0.0,0.004309365380322561,-0.25,-0.0016728835180401802,-0.009057848760806207,48
-0.0011977051617577672,-0.014370582881383598,0.0,0.125,-0.028450214394113226,0.0077841440215706825,0.035036653253926145,0.15918360877203241,0.1628125,1.0,0.0040686726570129395,-0.38190142763120266,0.125,0.0,0.0038920720107853413,-0.5,-0.0020343363285064697,-0.008759163313481536,8
0.001659260131418705,0.0014589820057153702,0.0,-0.25,-0.03532550163857642,0.0015591210685670376,0.03542564070142809,0.13804343778935868,0.1465625,0.25,0.002056059194728732,-0.3841048792384379,-0.25,0.0,0.0007795605342835188,-0.125,-0.001028029597364366,-0.008856410175357023,63
-0.0028189029544591904,-0.006244136951863766,0.0,-0.125,-0.03239262850847953,0.004531519953161478,0.03410524550718182,0.1570349550934571,0.12249999999999998,0.75,0.004105614498257637,-0.5083133586493436,-0.125,0.0,0.002265759976580739,-0.375,-0.0020528072491288185,-0.008526311376795454,45
0.00812774000223726,0.015202965587377548,0.0,-0.125,-0.03892305065054975,0.011665352794807404,0.0353854378579796,0.1512724640588501,0.1578125,1.0,0.008493772707879543,-0.6322605694210309,-0.125,0.0,0.005832676397403702,-0.5,-0.004246886353939772,-0.0088463594644949,7
0.0038897396880201995,0.010259252856485546,0.0,-0.1875,-0.035748150254163655,0.007074496272252873,0.03256339366993098,0.15106856406993785,0.158125,1.0,0.0023396038450300694,-0.6932734022038713,-0.1875,0.0,0.0035372481361264363,-0.5,-0.0011698019225150347,-0.008140848417482745,25
-0.004194307839497924,0.005427564028650522,0.0,-0.1875,-0.03802236669619719,0.004810935934074223,0.03321143076212297,0.16827779508282026,0.18000000000000002,1.0,0.006698511075228453,-0.6967466452611079,-0.1875,0.0,0.0024054679670371115,-0.5,-0.0033492555376142263,-0.008302857690530742,35
-0.007846278138458729,-0.002341178653296083,0.0,-0.375,-0.03755078799290387,0.005093728395877406,0.03479823825032255,0.1735730728635283,0.14656249999999998,1.0,0.0004877581668552011,-0.8813965744480695,-0.375,0.0,0.002546864197938703,-0.5,-0.00024387908342760056,-0.008699559562580637,44
