cat_a,cat_b,alpha,beta,cluster_id,cluster_name,cos_resid,cos_marg,cos_full,null_p95,norm_resid,norm_marg,norm_full
b1,b11,-2.0,-2.0,0,self-doubt / encouragement,0.05815700441598892,0.1919536590576172,-0.005825189873576164,0.04447821527719498,0.48893412947654724,0.5965410470962524,0.42498883605003357
b1,b11,-2.0,-2.0,1,frustration / despair,0.06175481155514717,0.18475136160850525,0.05452664941549301,0.04994594305753708,0.48893412947654724,0.5965410470962524,0.42498883605003357
b1,b11,-2.0,-2.0,2,uncertainty / indecision,0.08237990736961365,0.22573620080947876,-0.039158258587121964,0.040912676602602005,0.48893412947654724,0.5965410470962524,0.42498883605003357
b1,b11,-2.0,-2.0,3,romantic idealism,0.03435393422842026,0.11841626465320587,0.08900142461061478,0.05297365039587021,0.48893412947654724,0.5965410470962524,0.42498883605003357
b1,b11,-2.0,-2.0,4,academic ambition / competitive determination,0.04815397784113884,0.11553199589252472,-0.09283524006605148,0.04842482879757881,0.48893412947654724,0.5965410470962524,0.42498883605003357
b1,b11,-2.0,-2.0,5,ironic amusement,0.009007890708744526,0.18172234296798706,-0.00022960640490055084,0.04776734113693237,0.48893412947654724,0.5965410470962524,0.42498883605003357
b1,b11,-2.0,-2.0,6,enthusiasm / curiosity,-0.0051269857212901115,0.2608432471752167,-0.001185854896903038,0.041279226541519165,0.48893412947654724,0.5965410470962524,0.42498883605003357
b1,b11,-2.0,2.0,0,self-doubt / encouragement,0.014916199259459972,0.19548651576042175,-0.05656737461686134,0.04447821527719498,0.5130894780158997,0.5819534063339233,0.4242980182170868
b1,b11,-2.0,2.0,1,frustration / despair,0.002325117588043213,0.18423934280872345,-0.02078932523727417,0.04994594305753708,0.5130894780158997,0.5819534063339233,0.4242980182170868
b1,b11,-2.0,2.0,2,uncertainty / indecision,0.04708300903439522,0.23673075437545776,-0.06989659368991852,0.040912676602602005,0.5130894780158997,0.5819534063339233,0.4242980182170868
b1,b11,-2.0,2.0,3,romantic idealism,-0.06555765867233276,0.12889347970485687,-0.01941867731511593,0.05297365039587021,0.5130894780158997,0.5819534063339233,0.4242980182170868
b1,b11,-2.0,2.0,4,academic ambition / competitive determination,0.09256389737129211,0.09305831044912338,-0.0713377520442009,0.04842482879757881,0.5130894780158997,0.5819534063339233,0.4242980182170868
b1,b11,-2.0,2.0,5,ironic amusement,-0.04542051628232002,0.19902445375919342,-0.04805241897702217,0.04776734113693237,0.5130894780158997,0.5819534063339233,0.4242980182170868
b1,b11,-2.0,2.0,6,enthusiasm / curiosity,0.011133525520563126,0.23614048957824707,-0.024665839970111847,0.041279226541519165,0.5130894780158997,0.5819534063339233,0.4242980182170868
b1,b11,2.0,-2.0,0,self-doubt / encouragement,-0.025237519294023514,0.23259496688842773,0.000879509374499321,0.04447821527719498,0.4708111584186554,0.678072452545166,0.47221267223358154
b1,b11,2.0,-2.0,1,frustration / despair,-0.031005166471004486,0.19785162806510925,0.004929063841700554,0.04994594305753708,0.4708111584186554,0.678072452545166,0.47221267223358154
b1,b11,2.0,-2.0,2,uncertainty / indecision,0.05620274692773819,0.2132878452539444,-0.0434032641351223,0.040912676602602005,0.4708111584186554,0.678072452545166,0.47221267223358154
b1,b11,2.0,-2.0,3,romantic idealism,-0.022515293210744858,0.09345649182796478,0.006686510983854532,0.05297365039587021,0.4708111584186554,0.678072452545166,0.47221267223358154
b1,b11,2.0,-2.0,4,academic ambition / competitive determination,0.02178858406841755,0.13350354135036469,-0.06593268364667892,0.04842482879757881,0.4708111584186554,0.678072452545166,0.47221267223358154
b1,b11,2.0,-2.0,5,ironic amusement,-0.03666585683822632,0.18666990101337433,-0.007610200438648462,0.04776734113693237,0.4708111584186554,0.678072452545166,0.47221267223358154
b1,b11,2.0,-2.0,6,enthusiasm / curiosity,-0.08051545917987823,0.3055940866470337,0.03326129540801048,0.041279226541519165,0.4708111584186554,0.678072452545166,0.47221267223358154
b1,b11,2.0,2.0,0,self-doubt / encouragement,0.04252465441823006,0.23668664693832397,0.08277340233325958,0.04447821527719498,0.521156907081604,0.663206160068512,0.4073197841644287
b1,b11,2.0,2.0,1,frustration / despair,-0.0050919195637106895,0.19777357578277588,0.027689307928085327,0.04994594305753708,0.521156907081604,0.663206160068512,0.4073197841644287
b1,b11,2.0,2.0,2,uncertainty / indecision,0.11114303767681122,0.22275125980377197,0.034547559916973114,0.040912676602602005,0.521156907081604,0.663206160068512,0.4073197841644287
b1,b11,2.0,2.0,3,romantic idealism,-0.00163711654022336,0.10214035212993622,0.04241029918193817,0.05297365039587021,0.521156907081604,0.663206160068512,0.4073197841644287
b1,b11,2.0,2.0,4,academic ambition / competitive determination,0.13519400358200073,0.11423464864492416,0.03510946035385132,0.04842482879757881,0.521156907081604,0.663206160068512,0.4073197841644287
b1,b11,2.0,2.0,5,ironic amusement,0.005745334085077047,0.20203959941864014,0.05912152677774429,0.04776734113693237,0.521156907081604,0.663206160068512,0.4073197841644287
b1,b11,2.0,2.0,6,enthusiasm / curiosity,0.022511975839734077,0.2850304841995239,0.11579430103302002,0.041279226541519165,0.521156907081604,0.663206160068512,0.4073197841644287
b1,b13,-2.0,-2.0,0,self-doubt / encouragement,0.06220696493983269,0.20684638619422913,0.0018450021743774414,0.04447821527719498,0.43388235569000244,0.5761649012565613,0.39568495750427246
b1,b13,-2.0,-2.0,1,frustration / despair,0.0461958646774292,0.23968970775604248,0.10348062217235565,0.04994594305753708,0.43388235569000244,0.5761649012565613,0.39568495750427246
b1,b13,-2.0,-2.0,2,uncertainty / indecision,0.07531376928091049,0.29463890194892883,0.027388159185647964,0.040912676602602005,0.43388235569000244,0.5761649012565613,0.39568495750427246
b1,b13,-2.0,-2.0,3,romantic idealism,-0.09148144721984863,0.17164859175682068,0.024188367649912834,0.05297365039587021,0.43388235569000244,0.5761649012565613,0.39568495750427246
b1,b13,-2.0,-2.0,4,academic ambition / competitive determination,0.030883610248565674,0.16797125339508057,-0.05496574938297272,0.04842482879757881,0.43388235569000244,0.5761649012565613,0.39568495750427246
b1,b13,-2.0,-2.0,5,ironic amusement,0.008725320920348167,0.1954609751701355,0.008731880225241184,0.04776734113693237,0.43388235569000244,0.5761649012565613,0.39568495750427246
b1,b13,-2.0,-2.0,6,enthusiasm / curiosity,-0.005296246148645878,0.2954474687576294,0.03616533800959587,0.041279226541519165,0.43388235569000244,0.5761649012565613,0.39568495750427246
b1,b13,-2.0,2.0,0,self-doubt / encouragement,0.08263914287090302,0.2494693249464035,0.10976282507181168,0.04447821527719498,0.4759199023246765,0.6305148601531982,0.46632933616638184
b1,b13,-2.0,2.0,1,frustration / despair,0.027122458443045616,0.2615543603897095,0.1300012171268463,0.04994594305753708,0.4759199023246765,0.6305148601531982,0.46632933616638184
b1,b13,-2.0,2.0,2,uncertainty / indecision,0.07937051355838776,0.29338568449020386,0.06681373715400696,0.040912676602602005,0.4759199023246765,0.6305148601531982,0.46632933616638184
b1,b13,-2.0,2.0,3,romantic idealism,-0.051084354519844055,0.15962867438793182,0.05725876986980438,0.05297365039587021,0.4759199023246765,0.6305148601531982,0.46632933616638184
b1,b13,-2.0,2.0,4,academic ambition / competitive determination,0.09161114692687988,0.13756200671195984,-0.0034174062311649323,0.04842482879757881,0.4759199023246765,0.6305148601531982,0.46632933616638184
b1,b13,-2.0,2.0,5,ironic amusement,0.03112364187836647,0.24846619367599487,0.1255025714635849,0.04776734113693237,0.4759199023246765,0.6305148601531982,0.46632933616638184
b1,b13,-2.0,2.0,6,enthusiasm / curiosity,0.01625237613916397,0.31696078181266785,0.11572261154651642,0.041279226541519165,0.4759199023246765,0.6305148601531982,0.46632933616638184
b1,b13,2.0,-2.0,0,self-doubt / encouragement,-0.012790844775736332,0.2536811828613281,0.028793223202228546,0.04447821527719498,0.41917452216148376,0.6400750875473022,0.40201419591903687
b1,b13,2.0,-2.0,1,frustration / despair,-0.049604784697294235,0.25315436720848083,0.05981410667300224,0.04994594305753708,0.41917452216148376,0.6400750875473022,0.40201419591903687
b1,b13,2.0,-2.0,2,uncertainty / indecision,0.03082747757434845,0.28076618909835815,0.0025687813758850098,0.040912676602602005,0.41917452216148376,0.6400750875473022,0.40201419591903687
b1,b13,2.0,-2.0,3,romantic idealism,-0.050828251987695694,0.14313237369060516,0.05142810195684433,0.05297365039587021,0.41917452216148376,0.6400750875473022,0.40201419591903687
b1,b13,2.0,-2.0,4,academic ambition / competitive determination,0.019709084182977676,0.18493223190307617,-0.013173803687095642,0.04842482879757881,0.41917452216148376,0.6400750875473022,0.40201419591903687
b1,b13,2.0,-2.0,5,ironic amusement,0.0019162376411259174,0.20431658625602722,0.04634843021631241,0.04776734113693237,0.41917452216148376,0.6400750875473022,0.40201419591903687
b1,b13,2.0,-2.0,6,enthusiasm / curiosity,-0.10419796407222748,0.34657180309295654,0.06103367358446121,0.041279226541519165,0.41917452216148376,0.6400750875473022,0.40201419591903687
b1,b13,2.0,2.0,0,self-doubt / encouragement,0.04530637711286545,0.2855152487754822,0.1638641059398651,0.04447821527719498,0.5189542174339294,0.7022092938423157,0.4794539213180542
b1,b13,2.0,2.0,1,frustration / despair,-0.011242177337408066,0.26893824338912964,0.1372772455215454,0.04994594305753708,0.5189542174339294,0.7022092938423157,0.4794539213180542
b1,b13,2.0,2.0,2,uncertainty / indecision,0.0504484660923481,0.2776021957397461,0.06155850365757942,0.040912676602602005,0.5189542174339294,0.7022092938423157,0.4794539213180542
b1,b13,2.0,2.0,3,romantic idealism,0.017757095396518707,0.13296011090278625,0.11043021082878113,0.05297365039587021,0.5189542174339294,0.7022092938423157,0.4794539213180542
b1,b13,2.0,2.0,4,academic ambition / competitive determination,0.0979037880897522,0.15426494181156158,0.056743234395980835,0.04842482879757881,0.5189542174339294,0.7022092938423157,0.4794539213180542
b1,b13,2.0,2.0,5,ironic amusement,-0.031086726114153862,0.2489597648382187,0.09540179371833801,0.04776734113693237,0.5189542174339294,0.7022092938423157,0.4794539213180542
b1,b13,2.0,2.0,6,enthusiasm / curiosity,-0.022651365026831627,0.35808974504470825,0.17953868210315704,0.041279226541519165,0.5189542174339294,0.7022092938423157,0.4794539213180542
b11,b13,-2.0,-2.0,0,self-doubt / encouragement,0.06815114617347717,0.17086146771907806,-0.015136493369936943,0.04447821527719498,0.48013561964035034,0.6198704838752747,0.44841325283050537
b11,b13,-2.0,-2.0,1,frustration / despair,-0.04777716472744942,0.21496999263763428,-0.01541898213326931,0.04994594305753708,0.48013561964035034,0.6198704838752747,0.44841325283050537
b11,b13,-2.0,-2.0,2,uncertainty / indecision,-0.03747418522834778,0.24846801161766052,-0.12390758097171783,0.040912676602602005,0.48013561964035034,0.6198704838752747,0.44841325283050537
b11,b13,-2.0,-2.0,3,romantic idealism,-0.08700849860906601,0.1259319931268692,-0.02971804141998291,0.05297365039587021,0.48013561964035034,0.6198704838752747,0.44841325283050537
b11,b13,-2.0,-2.0,4,academic ambition / competitive determination,-0.01176734734326601,0.1471511721611023,-0.10337424278259277,0.04842482879757881,0.48013561964035034,0.6198704838752747,0.44841325283050537
b11,b13,-2.0,-2.0,5,ironic amusement,0.02548801712691784,0.17142334580421448,0.012460507452487946,0.04776734113693237,0.48013561964035034,0.6198704838752747,0.44841325283050537
b11,b13,-2.0,-2.0,6,enthusiasm / curiosity,-0.019888974726200104,0.2826542258262634,0.02688891813158989,0.041279226541519165,0.48013561964035034,0.6198704838752747,0.44841325283050537
b11,b13,-2.0,2.0,0,self-doubt / encouragement,0.16561321914196014,0.21567437052726746,0.14783968031406403,0.04447821527719498,0.5151541829109192,0.6678299903869629,0.5677028298377991
b11,b13,-2.0,2.0,1,frustration / despair,0.08095681667327881,0.23966822028160095,0.1489066481590271,0.04994594305753708,0.5151541829109192,0.6678299903869629,0.5677028298377991
b11,b13,-2.0,2.0,2,uncertainty / indecision,0.1396254301071167,0.25343912839889526,0.087362140417099,0.040912676602602005,0.5151541829109192,0.6678299903869629,0.5677028298377991
b11,b13,-2.0,2.0,3,romantic idealism,0.0033443598076701164,0.11951460689306259,0.05623839795589447,0.05297365039587021,0.5151541829109192,0.6678299903869629,0.5677028298377991
b11,b13,-2.0,2.0,4,academic ambition / competitive determination,0.1372913122177124,0.12153500318527222,0.03518003597855568,0.04842482879757881,0.5151541829109192,0.6678299903869629,0.5677028298377991
b11,b13,-2.0,2.0,5,ironic amusement,0.04563469439744949,0.22507205605506897,0.10728903114795685,0.04776734113693237,0.5151541829109192,0.6678299903869629,0.5677028298377991
b11,b13,-2.0,2.0,6,enthusiasm / curiosity,0.09430493414402008,0.3067167103290558,0.17582076787948608,0.041279226541519165,0.5151541829109192,0.6678299903869629,0.5677028298377991
b11,b13,2.0,-2.0,0,self-doubt / encouragement,0.03408922255039215,0.18528102338314056,-0.06461644917726517,0.04447821527719498,0.460001677274704,0.5674786567687988,0.3806619644165039
b11,b13,2.0,-2.0,1,frustration / despair,-0.030336003750562668,0.22950804233551025,-0.002474125474691391,0.04994594305753708,0.460001677274704,0.5674786567687988,0.3806619644165039
b11,b13,2.0,-2.0,2,uncertainty / indecision,-0.004642058163881302,0.27683189511299133,-0.09621722251176834,0.040912676602602005,0.460001677274704,0.5674786567687988,0.3806619644165039
b11,b13,2.0,-2.0,3,romantic idealism,-0.10253917425870895,0.14525717496871948,-0.03769601508975029,0.05297365039587021,0.460001677274704,0.5674786567687988,0.3806619644165039
b11,b13,2.0,-2.0,4,academic ambition / competitive determination,0.055199429392814636,0.1346932202577591,-0.07905106246471405,0.04842482879757881,0.460001677274704,0.5674786567687988,0.3806619644165039
b11,b13,2.0,-2.0,5,ironic amusement,0.010487275198101997,0.200301855802536,0.014660500921308994,0.04776734113693237,0.460001677274704,0.5674786567687988,0.3806619644165039
b11,b13,2.0,-2.0,6,enthusiasm / curiosity,-0.03923441469669342,0.27667236328125,-0.03847118467092514,0.041279226541519165,0.460001677274704,0.5674786567687988,0.3806619644165039
b11,b13,2.0,2.0,0,self-doubt / encouragement,0.027731100097298622,0.23075954616069794,0.02869647741317749,0.04447821527719498,0.46433696150779724,0.6208405494689941,0.3735758364200592
b11,b13,2.0,2.0,1,frustration / despair,-0.04104498401284218,0.25295543670654297,0.055566124618053436,0.04994594305753708,0.46433696150779724,0.6208405494689941,0.3735758364200592
b11,b13,2.0,2.0,2,uncertainty / indecision,0.003908951301127672,0.27757930755615234,-0.04668277129530907,0.040912676602602005,0.46433696150779724,0.6208405494689941,0.3735758364200592
b11,b13,2.0,2.0,3,romantic idealism,-0.06799525022506714,0.13559722900390625,0.008030422031879425,0.05297365039587021,0.46433696150779724,0.6208405494689941,0.3735758364200592
b11,b13,2.0,2.0,4,academic ambition / competitive determination,0.05966292321681976,0.10692857205867767,-0.10126399993896484,0.04842482879757881,0.46433696150779724,0.6208405494689941,0.3735758364200592
b11,b13,2.0,2.0,5,ironic amusement,-0.0689360499382019,0.2540372908115387,0.034254446625709534,0.04776734113693237,0.46433696150779724,0.6208405494689941,0.3735758364200592
b11,b13,2.0,2.0,6,enthusiasm / curiosity,-0.06146327406167984,0.30061066150665283,0.012017188593745232,0.041279226541519165,0.46433696150779724,0.6208405494689941,0.3735758364200592
b8,b4,-2.0,-2.0,0,self-doubt / encouragement,0.06796300411224365,0.21629351377487183,0.019385606050491333,0.04447821527719498,0.47745200991630554,0.5534526705741882,0.34257975220680237
b8,b4,-2.0,-2.0,1,frustration / despair,0.10549794137477875,0.18749777972698212,0.10751830786466599,0.04994594305753708,0.47745200991630554,0.5534526705741882,0.34257975220680237
b8,b4,-2.0,-2.0,2,uncertainty / indecision,0.14120444655418396,0.2654613256454468,0.06645476818084717,0.040912676602602005,0.47745200991630554,0.5534526705741882,0.34257975220680237
b8,b4,-2.0,-2.0,3,romantic idealism,-0.0019215168431401253,0.0998094379901886,0.013703804463148117,0.05297365039587021,0.47745200991630554,0.5534526705741882,0.34257975220680237
b8,b4,-2.0,-2.0,4,academic ambition / competitive determination,0.09770199656486511,0.15540748834609985,0.0025764433667063713,0.04842482879757881,0.47745200991630554,0.5534526705741882,0.34257975220680237
b8,b4,-2.0,-2.0,5,ironic amusement,0.04626191779971123,0.1745489537715912,0.01710622012615204,0.04776734113693237,0.47745200991630554,0.5534526705741882,0.34257975220680237
b8,b4,-2.0,-2.0,6,enthusiasm / curiosity,0.0790756419301033,0.23560108244419098,0.042465727776288986,0.041279226541519165,0.47745200991630554,0.5534526705741882,0.34257975220680237
b8,b4,-2.0,2.0,0,self-doubt / encouragement,0.021202631294727325,0.2085043340921402,-0.00805454608052969,0.04447821527719498,0.45863965153694153,0.6364327669143677,0.38398081064224243
b8,b4,-2.0,2.0,1,frustration / despair,-0.044180892407894135,0.18235892057418823,-0.056022729724645615,0.04994594305753708,0.45863965153694153,0.6364327669143677,0.38398081064224243
b8,b4,-2.0,2.0,2,uncertainty / indecision,0.07550962269306183,0.2484092116355896,0.0030077043920755386,0.040912676602602005,0.45863965153694153,0.6364327669143677,0.38398081064224243
b8,b4,-2.0,2.0,3,romantic idealism,-0.04747692495584488,0.15375681221485138,0.06889241188764572,0.05297365039587021,0.45863965153694153,0.6364327669143677,0.38398081064224243
b8,b4,-2.0,2.0,4,academic ambition / competitive determination,0.06943335384130478,0.10353608429431915,-0.08864337205886841,0.04842482879757881,0.45863965153694153,0.6364327669143677,0.38398081064224243
b8,b4,-2.0,2.0,5,ironic amusement,-0.0956280380487442,0.2483043372631073,0.0034846141934394836,0.04776734113693237,0.45863965153694153,0.6364327669143677,0.38398081064224243
b8,b4,-2.0,2.0,6,enthusiasm / curiosity,-0.0223175510764122,0.26802879571914673,0.017567500472068787,0.041279226541519165,0.45863965153694153,0.6364327669143677,0.38398081064224243
b8,b4,2.0,-2.0,0,self-doubt / encouragement,0.03399866819381714,0.20695921778678894,-0.025707868859171867,0.04447821527719498,0.5079621076583862,0.5695117115974426,0.4037841260433197
b8,b4,2.0,-2.0,1,frustration / despair,-0.02253131754696369,0.24924752116203308,0.03268224000930786,0.04994594305753708,0.5079621076583862,0.5695117115974426,0.4037841260433197
b8,b4,2.0,-2.0,2,uncertainty / indecision,0.01036655530333519,0.2789546251296997,-0.06795427203178406,0.040912676602602005,0.5079621076583862,0.5695117115974426,0.4037841260433197
b8,b4,2.0,-2.0,3,romantic idealism,0.01847398281097412,0.07354151457548141,0.0040593985468149185,0.05297365039587021,0.5079621076583862,0.5695117115974426,0.4037841260433197
b8,b4,2.0,-2.0,4,academic ambition / competitive determination,0.041519783437252045,0.1491709053516388,-0.06372460722923279,0.04842482879757881,0.5079621076583862,0.5695117115974426,0.4037841260433197
b8,b4,2.0,-2.0,5,ironic amusement,0.07291345298290253,0.14141491055488586,0.011745233088731766,0.04776734113693237,0.5079621076583862,0.5695117115974426,0.4037841260433197
b8,b4,2.0,-2.0,6,enthusiasm / curiosity,0.009520618245005608,0.2441548854112625,-0.02406190149486065,0.041279226541519165,0.5079621076583862,0.5695117115974426,0.4037841260433197
b8,b4,2.0,2.0,0,self-doubt / encouragement,0.039139702916145325,0.20933008193969727,0.007301747798919678,0.04447821527719498,0.45336228609085083,0.625120222568512,0.42247274518013
b8,b4,2.0,2.0,1,frustration / despair,-0.029388219118118286,0.2467324435710907,0.05587620288133621,0.04994594305753708,0.45336228609085083,0.625120222568512,0.42247274518013
b8,b4,2.0,2.0,2,uncertainty / indecision,0.04597157984972,0.27201712131500244,-0.0016271397471427917,0.040912676602602005,0.45336228609085083,0.625120222568512,0.42247274518013
b8,b4,2.0,2.0,3,romantic idealism,0.029522396624088287,0.13517215847969055,0.1142214834690094,0.05297365039587021,0.45336228609085083,0.625120222568512,0.42247274518013
b8,b4,2.0,2.0,4,academic ambition / competitive determination,0.06308017671108246,0.10372033715248108,-0.09075184166431427,0.04842482879757881,0.45336228609085083,0.625120222568512,0.42247274518013
b8,b4,2.0,2.0,5,ironic amusement,0.051368407905101776,0.2270953208208084,0.124074786901474,0.04776734113693237,0.45336228609085083,0.625120222568512,0.42247274518013
b8,b4,2.0,2.0,6,enthusiasm / curiosity,0.023322412744164467,0.2867245078086853,0.08570919930934906,0.041279226541519165,0.45336228609085083,0.625120222568512,0.42247274518013
b8,b7,-2.0,-2.0,0,self-doubt / encouragement,0.008977564051747322,0.2000507265329361,-0.06873152405023575,0.04447821527719498,0.4175952076911926,0.5788734555244446,0.3763647675514221
b8,b7,-2.0,-2.0,1,frustration / despair,-0.009580854326486588,0.17634393274784088,-0.050876736640930176,0.04994594305753708,0.4175952076911926,0.5788734555244446,0.3763647675514221
b8,b7,-2.0,-2.0,2,uncertainty / indecision,0.04859727993607521,0.23309721052646637,-0.09660661220550537,0.040912676602602005,0.4175952076911926,0.5788734555244446,0.3763647675514221
b8,b7,-2.0,-2.0,3,romantic idealism,-0.07545552402734756,0.15763849020004272,0.02691880613565445,0.05297365039587021,0.4175952076911926,0.5788734555244446,0.3763647675514221
b8,b7,-2.0,-2.0,4,academic ambition / competitive determination,0.020555615425109863,0.14445626735687256,-0.10551795363426208,0.04842482879757881,0.4175952076911926,0.5788734555244446,0.3763647675514221
b8,b7,-2.0,-2.0,5,ironic amusement,0.007384002208709717,0.20896728336811066,0.02959536574780941,0.04776734113693237,0.4175952076911926,0.5788734555244446,0.3763647675514221
b8,b7,-2.0,-2.0,6,enthusiasm / curiosity,0.033250030130147934,0.22626705467700958,-0.023214805871248245,0.041279226541519165,0.4175952076911926,0.5788734555244446,0.3763647675514221
b8,b7,-2.0,2.0,0,self-doubt / encouragement,0.12767153978347778,0.1328107863664627,-0.009821165353059769,0.04447821527719498,0.49387964606285095,0.5937733054161072,0.35711395740509033
b8,b7,-2.0,2.0,1,frustration / despair,0.06649923324584961,0.13921940326690674,-0.004818450193852186,0.04994594305753708,0.49387964606285095,0.5937733054161072,0.35711395740509033
b8,b7,-2.0,2.0,2,uncertainty / indecision,0.07985380291938782,0.2068200707435608,-0.08217170834541321,0.040912676602602005,0.49387964606285095,0.5937733054161072,0.35711395740509033
b8,b7,-2.0,2.0,3,romantic idealism,0.0002206079661846161,0.0685119703412056,-0.02470375783741474,0.05297365039587021,0.49387964606285095,0.5937733054161072,0.35711395740509033
b8,b7,-2.0,2.0,4,academic ambition / competitive determination,0.14378248155117035,0.06710338592529297,-0.05898305028676987,0.04842482879757881,0.49387964606285095,0.5937733054161072,0.35711395740509033
b8,b7,-2.0,2.0,5,ironic amusement,0.006602775305509567,0.18087568879127502,-0.006301485002040863,0.04776734113693237,0.49387964606285095,0.5937733054161072,0.35711395740509033
b8,b7,-2.0,2.0,6,enthusiasm / curiosity,0.06616190075874329,0.18507003784179688,-0.03090502694249153,0.041279226541519165,0.49387964606285095,0.5937733054161072,0.35711395740509033
b8,b7,2.0,-2.0,0,self-doubt / encouragement,0.04594365507364273,0.19992491602897644,-0.019132649526000023,0.04447821527719498,0.5017256140708923,0.5700216293334961,0.43948543071746826
b8,b7,2.0,-2.0,1,frustration / despair,-0.06667037308216095,0.24605914950370789,-0.0237079206854105,0.04994594305753708,0.5017256140708923,0.5700216293334961,0.43948543071746826
b8,b7,2.0,-2.0,2,uncertainty / indecision,0.00734206847846508,0.2576768398284912,-0.09334097802639008,0.040912676602602005,0.5017256140708923,0.5700216293334961,0.43948543071746826
b8,b7,2.0,-2.0,3,romantic idealism,-0.008375601842999458,0.13665395975112915,0.05479557439684868,0.05297365039587021,0.5017256140708923,0.5700216293334961,0.43948543071746826
b8,b7,2.0,-2.0,4,academic ambition / competitive determination,0.025014733895659447,0.1448468267917633,-0.08374053239822388,0.04842482879757881,0.5017256140708923,0.5700216293334961,0.43948543071746826
b8,b7,2.0,-2.0,5,ironic amusement,-0.004781506024301052,0.18402540683746338,-0.023689109832048416,0.04776734113693237,0.5017256140708923,0.5700216293334961,0.43948543071746826
b8,b7,2.0,-2.0,6,enthusiasm / curiosity,0.010480007156729698,0.2449643909931183,-0.01981682889163494,0.041279226541519165,0.5017256140708923,0.5700216293334961,0.43948543071746826
b8,b7,2.0,2.0,0,self-doubt / encouragement,0.09527494013309479,0.12473510205745697,-0.05896695703268051,0.04447821527719498,0.46657395362854004,0.6174442768096924,0.4061830937862396
b8,b7,2.0,2.0,1,frustration / despair,-0.009079794399440289,0.1957148313522339,-0.0015301257371902466,0.04994594305753708,0.46657395362854004,0.6174442768096924,0.4061830937862396
b8,b7,2.0,2.0,2,uncertainty / indecision,0.04149268940091133,0.21824133396148682,-0.09226332604885101,0.040912676602602005,0.46657395362854004,0.6174442768096924,0.4061830937862396
b8,b7,2.0,2.0,3,romantic idealism,-0.006457187235355377,0.04425264522433281,-0.06228916347026825,0.05297365039587021,0.46657395362854004,0.6174442768096924,0.4061830937862396
b8,b7,2.0,2.0,4,academic ambition / competitive determination,0.08708362281322479,0.06282038986682892,-0.1292521357536316,0.04842482879757881,0.46657395362854004,0.6174442768096924,0.4061830937862396
b8,b7,2.0,2.0,5,ironic amusement,0.028588157147169113,0.1479194462299347,-0.02028632164001465,0.04776734113693237,0.46657395362854004,0.6174442768096924,0.4061830937862396
b8,b7,2.0,2.0,6,enthusiasm / curiosity,0.05499379336833954,0.19199246168136597,-0.023139692842960358,0.041279226541519165,0.46657395362854004,0.6174442768096924,0.4061830937862396
