component,alpha_unit,n_tokens,rep_2,rep_3,rep_4,max_run,max_run_norm,compress_ratio,unique_token_ratio,toxicity_rate,toxicity_hits,non_ascii_ratio
0,-2.0,38.75,0.2767629975031628,0.22439854943788856,0.18839981368563685,1.0,0.02605753045876415,0.6121201813485541,0.5531789266226306,0.0,0.0,0.0
0,0.0,36.875,0.158385817821994,0.0982747346901963,0.06193528693528694,1.0,0.027430673374696145,0.6714425846701426,0.658888818329046,0.0,0.0,0.002564102564102564
0,2.0,32.0,0.10620344567712986,0.04004796233498059,0.02344877344877344,1.0,0.032033211906662425,0.7311098169604476,0.723338859101108,0.0,0.0,0.0025085208908738324
1,-2.0,35.0,0.1425171608970951,0.08855930105930106,0.060122549019607854,1.0,0.029239332279145765,0.6987629700055262,0.6767282323236412,0.0,0.0,0.001838235294117647
1,0.0,36.875,0.158385817821994,0.0982747346901963,0.06193528693528694,1.0,0.027430673374696145,0.6714425846701426,0.658888818329046,0.0,0.0,0.002564102564102564
1,2.0,36.75,0.142873149885345,0.09007839721254356,0.05769702111613878,1.125,0.031441589703117515,0.686690736243608,0.6450377225261696,0.0,0.0,0.0012135922330097086
2,-2.0,35.375,0.10879800024536865,0.0540622940013184,0.02710573476702509,1.0,0.029383242512731226,0.7243236053149192,0.7060164787475407,0.0,0.0,0.011064833400240868
2,0.0,36.875,0.158385817821994,0.0982747346901963,0.06193528693528694,1.0,0.027430673374696145,0.6714425846701426,0.658888818329046,0.0,0.0,0.002564102564102564
2,2.0,34.125,0.2069420345736135,0.13799884298746418,0.08692640692640692,1.125,0.03460023121969859,0.6804353746937741,0.6018722245982187,0.0,0.0,0.0
3,-2.0,34.125,0.0629600390312865,0.01725200949945195,0.0037878787878787845,1.0,0.029901512808803453,0.7324187684181847,0.7393516400997712,0.0,0.0,0.001893939393939394
3,0.0,36.875,0.158385817821994,0.0982747346901963,0.06193528693528694,1.0,0.027430673374696145,0.6714425846701426,0.658888818329046,0.0,0.0,0.002564102564102564
3,2.0,36.75,0.20647126566244212,0.13311916955923458,0.1045866935483871,1.0,0.027378375664114378,0.6529992025385403,0.5886506883813655,0.0,0.0,0.0035919540229885057
4,-2.0,33.75,0.0949392014944297,0.025331046507033342,0.0035714285714285726,1.0,0.03431541771566926,0.6736376700395552,0.6936349286678234,0.0,0.0,0.0
4,0.0,36.875,0.158385817821994,0.0982747346901963,0.06193528693528694,1.0,0.027430673374696145,0.6714425846701426,0.658888818329046,0.0,0.0,0.002564102564102564
4,2.0,31.125,0.13500967711392597,0.06631029097364431,0.0360016420361248,0.875,0.0251675666560535,0.643694809062012,0.5577165965735045,0.0,0.0,0.002130681818181818
5,-2.0,37.375,0.1559946472362076,0.10284547152194211,0.0760984188575652,1.125,0.030205584194071038,0.6943336728617804,0.6864368346687426,0.0,0.0,0.0017605633802816902
5,0.0,36.875,0.158385817821994,0.0982747346901963,0.06193528693528694,1.0,0.027430673374696145,0.6714425846701426,0.658888818329046,0.0,0.0,0.002564102564102564
5,2.0,37.0,0.06507636918337384,0.02129094651222896,0.0,1.0,0.027609803091749235,0.6876157575117886,0.7169056554001475,0.0,0.0,0.0
6,-2.0,37.625,0.14073340048949806,0.06647252504722016,0.029925115207373273,1.125,0.030488053057693556,0.6745344364901793,0.6549878990814625,0.0,0.0,0.0
6,0.0,36.875,0.158385817821994,0.0982747346901963,0.06193528693528694,1.0,0.027430673374696145,0.6714425846701426,0.658888818329046,0.0,0.0,0.002564102564102564
6,2.0,35.875,0.09806083413955681,0.05762543961073373,0.03682409843508981,1.0,0.028076003759029695,0.7019070789834049,0.6997741878424125,0.0,0.0,0.0033422459893048127
7,-2.0,34.625,0.13334902654755595,0.07739755237383321,0.04479166666666666,1.0,0.029360283899757585,0.6958291450838137,0.6931943649048912,0.0,0.0,0.003453038674033149
7,0.0,36.875,0.158385817821994,0.0982747346901963,0.06193528693528694,1.0,0.027430673374696145,0.6714425846701426,0.658888818329046,0.0,0.0,0.002564102564102564
7,2.0,37.375,0.13229023410475027,0.06738439810430234,0.03571428571428571,1.0,0.027219322683812136,0.702468048863651,0.6779847032249815,0.0,0.0,0.0014970059880239522
8,-2.0,34.875,0.13025458494208497,0.0728221535184337,0.046861471861471854,1.0,0.02892297232124968,0.7080155972270219,0.6937709766721838,0.0,0.0,0.0018564356435643563
8,0.0,36.875,0.158385817821994,0.0982747346901963,0.06193528693528694,1.0,0.027430673374696145,0.6714425846701426,0.658888818329046,0.0,0.0,0.002564102564102564
8,2.0,38.375,0.19586816618739145,0.10912180204934033,0.07172689640372279,1.0,0.02634207150281022,0.6499561026296204,0.6042999517007726,0.0,0.0,0.0007062146892655367
9,-2.0,39.25,0.19671486571157623,0.13589240605369637,0.1254020467836257,1.0,0.02566621736342159,0.6407082350779103,0.6127065953197771,0.0,0.0,0.0017441860465116279
9,0.0,36.875,0.158385817821994,0.0982747346901963,0.06193528693528694,1.0,0.027430673374696145,0.6714425846701426,0.658888818329046,0.0,0.0,0.002564102564102564
9,2.0,34.5,0.08229458238381016,0.04452736965337771,0.01906728927203065,1.0,0.029449450349701898,0.7260226963867291,0.7109713718943595,0.0,0.0,0.0037313432835820895
10,-2.0,37.375,0.19758135383135383,0.15930787388865725,0.14036414565826333,1.0,0.02745913604040181,0.6422968280203797,0.6510030106250669,0.0,0.0,0.0024875621890547263
10,0.0,36.875,0.158385817821994,0.0982747346901963,0.06193528693528694,1.0,0.027430673374696145,0.6714425846701426,0.658888818329046,0.0,0.0,0.002564102564102564
10,2.0,36.625,0.14225052795723425,0.08008976291571342,0.03867446011842564,1.0,0.02748987058259459,0.7167009473244268,0.6609134406030781,0.0,0.0,0.0015723892405063293
11,-2.0,33.125,0.17225480165370186,0.12961309523809525,0.1071937321937322,1.625,0.0717631555213792,0.6951159859330011,0.6580182701070859,0.0,0.0,0.0014204545454545455
11,0.0,36.875,0.158385817821994,0.0982747346901963,0.06193528693528694,1.0,0.027430673374696145,0.6714425846701426,0.658888818329046,0.0,0.0,0.002564102564102564
11,2.0,37.0,0.2071340349824134,0.13225715767076063,0.08478757801338448,1.0,0.02752250937329847,0.650560419195723,0.6376376881129392,0.0,0.0,0.002551020408163265
12,-2.0,33.5,0.19186400890029923,0.14882462570895602,0.12523296387520524,1.0,0.03057090122865769,0.6514724075924416,0.610289477954258,0.0,0.0,0.0025906735751295338
12,0.0,36.875,0.158385817821994,0.0982747346901963,0.06193528693528694,1.0,0.027430673374696145,0.6714425846701426,0.658888818329046,0.0,0.0,0.002564102564102564
12,2.0,38.625,0.21058076917451918,0.1452025561214865,0.11927083333333333,1.0,0.02615496413691028,0.6274461918847016,0.6177907550765568,0.0,0.0,0.0037985588972431076
13,-2.0,33.0,0.06839318837946284,0.024496336996336993,0.010432330827067668,0.875,0.02346279629655753,0.6488900240687152,0.6323417596524143,0.0,0.0,0.0016519823788546256
13,0.0,36.875,0.158385817821994,0.0982747346901963,0.06193528693528694,1.0,0.027430673374696145,0.6714425846701426,0.658888818329046,0.0,0.0,0.002564102564102564
13,2.0,16.375,0.06583694083694085,0.03601190476190477,0.024999999999999994,1.0,0.09237111017002321,0.6632575198725998,0.8102455063052889,0.0,0.0,0.003472222222222222
14,-2.0,37.625,0.2218723217097891,0.18056891025641025,0.15047289761153118,1.0,0.026854607238170725,0.647268728196958,0.6153823684087314,0.0,0.0,0.005357142857142857
14,0.0,36.875,0.158385817821994,0.0982747346901963,0.06193528693528694,1.0,0.027430673374696145,0.6714425846701426,0.658888818329046,0.0,0.0,0.002564102564102564
14,2.0,38.25,0.04740558504103398,0.012854317732366505,0.0031250000000000028,1.0,0.02646568351510212,0.7262050130817399,0.7538336133539622,0.0,0.0,0.0007102272727272727
15,-2.0,30.875,0.15520631168935112,0.11991963554463554,0.09928155401945725,1.0,0.04021819549344704,0.6492162281854092,0.6778010141303485,0.0,0.0,0.0019329896907216496
15,0.0,36.875,0.158385817821994,0.0982747346901963,0.06193528693528694,1.0,0.027430673374696145,0.6714425846701426,0.658888818329046,0.0,0.0,0.002564102564102564
15,2.0,37.0,0.15083556156301475,0.07458393199233718,0.03392857142857143,1.0,0.02771059569409215,0.659698482589155,0.6368979465703724,0.0,0.0,0.004054054054054054
16,-2.0,39.5,0.20647727272098876,0.16133549761598542,0.13063322368421054,1.0,0.025591578048771043,0.6349879635618146,0.5987417516367637,0.0,0.0,0.0019230769230769232
16,0.0,36.875,0.158385817821994,0.0982747346901963,0.06193528693528694,1.0,0.027430673374696145,0.6714425846701426,0.658888818329046,0.0,0.0,0.002564102564102564
16,2.0,30.0,0.039083186693480834,0.007575757575757569,0.00390625,0.875,0.026648069712094102,0.674628190386918,0.6654800518367592,0.0,0.0,0.0026455026455026454
17,-2.0,33.125,0.13642625192789665,0.0911016691814155,0.06799242424242424,1.0,0.026361231925256315,0.6228564438633312,0.5683340203157277,0.0,0.0,0.0
17,0.0,36.875,0.158385817821994,0.0982747346901963,0.06193528693528694,1.0,0.027430673374696145,0.6714425846701426,0.658888818329046,0.0,0.0,0.002564102564102564
17,2.0,34.5,0.14657435058869284,0.0750800440513265,0.043692129629629636,1.0,0.029681729768939073,0.7066887751852401,0.661535486477347,0.0,0.0,0.004777070063694267
18,-2.0,30.875,0.328876778589626,0.2741211334961335,0.24141025641025643,0.875,0.025634963191678253,0.5041915317505707,0.4190293032738586,0.0,0.0,0.002702702702702703
18,0.0,36.875,0.158385817821994,0.0982747346901963,0.06193528693528694,1.0,0.027430673374696145,0.6714425846701426,0.658888818329046,0.0,0.0,0.002564102564102564
18,2.0,36.875,0.10669898794898794,0.060075205295793535,0.03186725555146608,1.125,0.031142435048913217,0.721991317826856,0.7076785294885009,0.0,0.0,0.0006756756756756757
19,-2.0,36.25,0.16115448583279465,0.10039127973313532,0.060515744109494105,1.0,0.027935863956154116,0.6820403704822063,0.6378483789596069,0.0,0.0,0.0019035532994923859
19,0.0,36.875,0.158385817821994,0.0982747346901963,0.06193528693528694,1.0,0.027430673374696145,0.6714425846701426,0.658888818329046,0.0,0.0,0.002564102564102564
19,2.0,37.5,0.1313821981326101,0.06515369804843488,0.027976190476190474,1.0,0.026813913011161088,0.689906779802943,0.6733017936524034,0.0,0.0,0.0033173635307781647
20,-2.0,28.5,0.11139478746186063,0.05105733082706766,0.030123339658444034,0.875,0.03836612347641759,0.591993592185659,0.6033892611098494,0.0,0.0,0.0034916201117318434
20,0.0,36.875,0.158385817821994,0.0982747346901963,0.06193528693528694,1.0,0.027430673374696145,0.6714425846701426,0.658888818329046,0.0,0.0,0.002564102564102564
20,2.0,38.75,0.3087247673959168,0.25674284956720694,0.21636763332051645,1.0,0.026019372208396598,0.6030902687231784,0.5431156262711141,0.0,0.0,0.00232469512195122
21,-2.0,35.75,0.14840531398287565,0.10789667508417508,0.09057071960297766,1.0,0.028478564939066642,0.6802269221623788,0.6907271403208777,0.0,0.0,0.001893939393939394
21,0.0,36.875,0.158385817821994,0.0982747346901963,0.06193528693528694,1.0,0.027430673374696145,0.6714425846701426,0.658888818329046,0.0,0.0,0.002564102564102564
21,2.0,37.125,0.13766751660341556,0.07625287003569074,0.05619868637110016,1.0,0.027473580038612493,0.6840345672138806,0.6670162899294735,0.0,0.0,0.000628140703517588
22,-2.0,37.0,0.3909103916113872,0.3350676048462033,0.2940651658639464,1.0,0.0340575828947922,0.511658283294874,0.4888049363340061,0.0,0.0,0.0017605633802816902
22,0.0,36.875,0.158385817821994,0.0982747346901963,0.06193528693528694,1.0,0.027430673374696145,0.6714425846701426,0.658888818329046,0.0,0.0,0.002564102564102564
22,2.0,32.375,0.06807173460399267,0.03214285714285714,0.025735294117647065,1.0,0.032451063798047096,0.7256739788017392,0.7787635039217357,0.0,0.0,0.002702702702702703
23,-2.0,36.375,0.13513788518828843,0.09183391718970466,0.07502199857009294,1.125,0.03147233293660887,0.6843270215512519,0.6844034311776114,0.0,0.0,0.002304147465437788
23,0.0,36.875,0.158385817821994,0.0982747346901963,0.06193528693528694,1.0,0.027430673374696145,0.6714425846701426,0.658888818329046,0.0,0.0,0.002564102564102564
23,2.0,35.875,0.17581442449738244,0.11203771085236601,0.06058423636548636,1.0,0.028296836317581224,0.6663427794102109,0.6246868909140768,0.0,0.0,0.0023006134969325155
24,-2.0,36.75,0.11244895021177612,0.055685286935286946,0.027777777777777776,1.0,0.02750190455393204,0.7016879231282132,0.7285573296730135,0.0,0.0,0.002840909090909091
24,0.0,36.875,0.158385817821994,0.0982747346901963,0.06193528693528694,1.0,0.027430673374696145,0.6714425846701426,0.658888818329046,0.0,0.0,0.002564102564102564
24,2.0,37.0,0.08598719623872063,0.04184331797235023,0.02089460784313725,1.0,0.027558744142505375,0.7107393481826224,0.6909639115592261,0.0,0.0,0.00314070351758794
25,-2.0,38.25,0.10967051782715258,0.043556375873449044,0.01722288763066203,1.0,0.0263776899604252,0.6914718187352589,0.6734096714017546,0.0,0.0,0.0028735632183908046
25,0.0,36.875,0.158385817821994,0.0982747346901963,0.06193528693528694,1.0,0.027430673374696145,0.6714425846701426,0.658888818329046,0.0,0.0,0.002564102564102564
25,2.0,36.375,0.2033262178516393,0.14559365365816979,0.12329769736842106,1.125,0.03151242389047267,0.6438580736700441,0.6284715623130257,0.0,0.0,0.0020161290322580645
26,-2.0,37.875,0.1796855102988532,0.1369780393217893,0.1224241410273787,1.0,0.026520320076821625,0.6486927516662663,0.6483071375776484,0.0,0.0,0.0017772511848341231
26,0.0,36.875,0.158385817821994,0.0982747346901963,0.06193528693528694,1.0,0.027430673374696145,0.6714425846701426,0.658888818329046,0.0,0.0,0.002564102564102564
26,2.0,38.0,0.23676629742806216,0.1803943030346001,0.16474654377880182,1.125,0.030416313812346645,0.6156401544274699,0.5609140555446985,0.0,0.0,0.001358695652173913
27,-2.0,32.875,0.12345309689920231,0.07569444444444445,0.04371126648657238,1.0,0.03822247100594624,0.67781124324656,0.7249976196618998,0.0,0.0,0.003434065934065934
27,0.0,36.875,0.158385817821994,0.0982747346901963,0.06193528693528694,1.0,0.027430673374696145,0.6714425846701426,0.658888818329046,0.0,0.0,0.002564102564102564
27,2.0,34.75,0.18311571038336805,0.11220238095238096,0.09097936411911005,2.5,0.09826026010298411,0.6492747456441985,0.6132352154656788,0.0,0.0,0.001838235294117647
28,-2.0,31.375,0.2754476049313006,0.22481687259389038,0.1987053194483535,0.875,0.025238433375987177,0.5548316613276632,0.4875956749432359,0.0,0.0,0.0032722513089005235
28,0.0,36.875,0.158385817821994,0.0982747346901963,0.06193528693528694,1.0,0.027430673374696145,0.6714425846701426,0.658888818329046,0.0,0.0,0.002564102564102564
28,2.0,29.875,0.0931532722166617,0.045984162895927605,0.034482758620689655,0.875,0.02589849386724387,0.655123367087199,0.6324799332611832,0.0,0.0,0.002777777777777778
29,-2.0,21.5,0.14458023119122257,0.10267857142857142,0.08796296296296297,1.0,0.046880274897516276,0.6122369397662585,0.608669922031991,0.0,0.0,0.0014367816091954023
29,0.0,36.875,0.158385817821994,0.0982747346901963,0.06193528693528694,1.0,0.027430673374696145,0.6714425846701426,0.658888818329046,0.0,0.0,0.002564102564102564
29,2.0,36.375,0.17849946562285157,0.1066903580954738,0.0523253571388652,1.0,0.02773516871595619,0.6684675232140829,0.6351618304476464,0.0,0.0,0.002717391304347826
30,-2.0,36.0,0.1843947946530443,0.14247948232323232,0.13146961405529956,1.0,0.02826807623634249,0.6433623391795829,0.64156254607106,0.0,0.0,0.0013157894736842105
30,0.0,36.875,0.158385817821994,0.0982747346901963,0.06193528693528694,1.0,0.027430673374696145,0.6714425846701426,0.658888818329046,0.0,0.0,0.002564102564102564
30,2.0,36.125,0.19320006108657423,0.13478550343904208,0.09949116743471582,1.0,0.027882464451487222,0.6956109266335659,0.630377546880156,0.0,0.0,0.002304147465437788
31,-2.0,31.0,0.04159447997775305,0.0040322580645161255,0.0,1.125,0.03673442839269452,0.7554261009750536,0.8085402398154414,0.0,0.0,0.004465919906288893
31,0.0,36.875,0.158385817821994,0.0982747346901963,0.06193528693528694,1.0,0.027430673374696145,0.6714425846701426,0.658888818329046,0.0,0.0,0.002564102564102564
31,2.0,32.625,0.1387271964477847,0.08287938461888199,0.050976778792912514,0.875,0.023964086978038406,0.6424728807757161,0.5692306971261721,0.0,0.0,0.001524390243902439
32,-2.0,37.875,0.105803833685423,0.04063989599884443,0.020387700534759357,1.0,0.027283827548548082,0.699254464011834,0.668980267882525,0.0,0.0,0.0006218905472636816
32,0.0,36.875,0.158385817821994,0.0982747346901963,0.06193528693528694,1.0,0.027430673374696145,0.6714425846701426,0.658888818329046,0.0,0.0,0.002564102564102564
32,2.0,34.125,0.12094056255771027,0.06007021437071748,0.01802035330261137,1.0,0.03272811612836768,0.7356823986245536,0.7139649002313476,0.0,0.0,0.005194995244018438
33,-2.0,36.375,0.17045867520887192,0.11778846153846154,0.0930417888221881,1.125,0.03268708474456844,0.6685656977821738,0.6440424731246485,0.0,0.0,0.0006443298969072165
33,0.0,36.875,0.158385817821994,0.0982747346901963,0.06193528693528694,1.0,0.027430673374696145,0.6714425846701426,0.658888818329046,0.0,0.0,0.002564102564102564
33,2.0,37.625,0.10709266911859791,0.060823699104949114,0.03668481841661396,1.0,0.02667303829356423,0.6884341011392215,0.6984074955826541,0.0,0.0,0.0024630541871921183
34,-2.0,11.875,0.03718081435472741,0.0,0.0,1.0,0.23251811594202898,0.571968601254508,0.8457427536231884,0.0,0.0,0.0021551724137931034
34,0.0,36.875,0.158385817821994,0.0982747346901963,0.06193528693528694,1.0,0.027430673374696145,0.6714425846701426,0.658888818329046,0.0,0.0,0.002564102564102564
34,2.0,35.25,0.09028682826320023,0.04735417133192689,0.028409090909090898,1.0,0.02906140161339652,0.7163146760582338,0.7488511380181584,0.0,0.0,0.0012195121951219512
35,-2.0,36.25,0.23767677922089686,0.12517077943916596,0.0551271645021645,1.0,0.02811082441281932,0.6288319700828695,0.5446601418906173,0.0,0.0,0.004335260115606936
35,0.0,36.875,0.158385817821994,0.0982747346901963,0.06193528693528694,1.0,0.027430673374696145,0.6714425846701426,0.658888818329046,0.0,0.0,0.002564102564102564
35,2.0,36.75,0.07887301797201686,0.03580956010452961,0.015625,1.125,0.03156053501571987,0.728487677059207,0.710359610873113,0.0,0.0,0.001736111111111111
36,-2.0,38.375,0.07253556910569108,0.026423453996983412,0.009868421052631582,1.0,0.02630436265369389,0.70866419715497,0.6956001206591294,0.0,0.0,0.0023404694706408756
36,0.0,36.875,0.158385817821994,0.0982747346901963,0.06193528693528694,1.0,0.027430673374696145,0.6714425846701426,0.658888818329046,0.0,0.0,0.002564102564102564
36,2.0,36.0,0.14044073366149978,0.08519522877723215,0.05715725806451613,1.0,0.028182755201448126,0.7276749911974258,0.7011137167867466,0.0,0.0,0.0007142857142857143
37,-2.0,39.75,0.10068310068310068,0.051659891598916,0.039755639097744364,1.0,0.025407026700513383,0.6896091287530075,0.7002616447597136,0.0,0.0,0.001201923076923077
37,0.0,36.875,0.158385817821994,0.0982747346901963,0.06193528693528694,1.0,0.027430673374696145,0.6714425846701426,0.658888818329046,0.0,0.0,0.002564102564102564
37,2.0,36.0,0.08704516587643524,0.04263663363024696,0.024344758064516123,1.0,0.02809998276172954,0.7239417779645662,0.7308058450456183,0.0,0.0,0.002688172043010753
38,-2.0,30.875,0.2766141861629904,0.21129180445686174,0.1666543958922918,1.0,0.028467803287342386,0.5582800993153294,0.4535455374957258,0.0,0.0,0.002512562814070352
38,0.0,36.875,0.158385817821994,0.0982747346901963,0.06193528693528694,1.0,0.027430673374696145,0.6714425846701426,0.658888818329046,0.0,0.0,0.002564102564102564
38,2.0,34.25,0.0793851241069229,0.02409015715467329,0.009868421052631582,1.0,0.03032768272287822,0.7137586963285513,0.7334563539034942,0.0,0.0,0.0013227513227513227
39,-2.0,38.25,0.0903844720155696,0.034882703081232494,0.01428571428571429,1.0,0.026268674703225033,0.6962124622611227,0.6887326574802978,0.0,0.0,0.0038109756097560975
39,0.0,36.875,0.158385817821994,0.0982747346901963,0.06193528693528694,1.0,0.027430673374696145,0.6714425846701426,0.658888818329046,0.0,0.0,0.002564102564102564
39,2.0,28.875,0.11166747104247104,0.068376857816513,0.03781512605042017,1.0,0.1549892006924293,0.6350146674348783,0.7615157774542342,0.0,0.0,0.0018028846153846155
40,-2.0,38.625,0.14130537217026307,0.07698136749860886,0.05358832129342965,1.0,0.026131218939710696,0.6889265243641437,0.6569615437952949,0.0,0.0,0.0017772511848341231
40,0.0,36.875,0.158385817821994,0.0982747346901963,0.06193528693528694,1.0,0.027430673374696145,0.6714425846701426,0.658888818329046,0.0,0.0,0.002564102564102564
40,2.0,32.875,0.09617281798009353,0.039595764595764596,0.022339665032679742,1.0,0.0309593333030833,0.7351228288949737,0.74538173991299,0.0,0.0,0.003048780487804878
41,-2.0,37.125,0.1615189671985502,0.09045557376920295,0.05032682834406972,1.0,0.0273333493343574,0.6676053883997906,0.6548687115975422,0.0,0.0,0.001838235294117647
41,0.0,36.875,0.158385817821994,0.0982747346901963,0.06193528693528694,1.0,0.027430673374696145,0.6714425846701426,0.658888818329046,0.0,0.0,0.002564102564102564
41,2.0,38.5,0.10654354015194226,0.049223159524828336,0.019554848966613664,1.125,0.029373458485919338,0.7138573712054648,0.6981122479644242,0.0,0.0,0.0023148148148148147
42,-2.0,35.25,0.24520787295240098,0.19471898790864306,0.15689877322880372,1.125,0.03304842422895966,0.6213299689596303,0.5976025099285897,0.0,0.0,0.001973684210526316
42,0.0,36.875,0.158385817821994,0.0982747346901963,0.06193528693528694,1.0,0.027430673374696145,0.6714425846701426,0.658888818329046,0.0,0.0,0.002564102564102564
42,2.0,34.5,0.06973190404089913,0.014607007575757572,0.00390625,1.0,0.030050591671117607,0.7138145894766564,0.7486960809553406,0.0,0.0,0.0012077294685990338
43,-2.0,35.125,0.09576120564023789,0.03294627288301891,0.0037878787878787845,1.125,0.03229389793714738,0.72793528069703,0.7048167727655352,0.0,0.0,0.004213483146067416
43,0.0,36.875,0.158385817821994,0.0982747346901963,0.06193528693528694,1.0,0.027430673374696145,0.6714425846701426,0.658888818329046,0.0,0.0,0.002564102564102564
43,2.0,39.25,0.20730730143839898,0.13132830002725648,0.07178792569659442,1.0,0.025706948870304495,0.6239821696525601,0.5828092834460852,0.0,0.0,0.0006756756756756757
44,-2.0,34.375,0.15789376827152718,0.0731297373758941,0.038238916256157635,1.0,0.029810094080838987,0.6803308147458188,0.6355564084036601,0.0,0.0,0.003094059405940594
44,0.0,36.875,0.158385817821994,0.0982747346901963,0.06193528693528694,1.0,0.027430673374696145,0.6714425846701426,0.658888818329046,0.0,0.0,0.002564102564102564
44,2.0,37.875,0.13688913813607814,0.06836099423173725,0.03513595766106527,1.0,0.026746456408434628,0.7121183888193146,0.6858096350383102,0.0,0.0,0.004581151832460733
45,-2.0,32.5,0.15211466908495147,0.09544784869101063,0.07945075757575756,1.0,0.036245778958996326,0.6751896259415955,0.7043803253562725,0.0,0.0,0.001336898395721925
45,0.0,36.875,0.158385817821994,0.0982747346901963,0.06193528693528694,1.0,0.027430673374696145,0.6714425846701426,0.658888818329046,0.0,0.0,0.002564102564102564
45,2.0,39.125,0.1498386213459743,0.08127239379701644,0.04501547653159316,1.0,0.02590521355066183,0.6754085373340434,0.6429023532677073,0.0,0.0,0.0019035532994923859
46,-2.0,32.375,0.17303917561588686,0.10153552129446716,0.07942994505494504,0.875,0.024288176268635015,0.5982976596614156,0.5161865837945889,0.0,0.0,0.0025
46,0.0,36.875,0.158385817821994,0.0982747346901963,0.06193528693528694,1.0,0.027430673374696145,0.6714425846701426,0.658888818329046,0.0,0.0,0.002564102564102564
46,2.0,38.875,0.21501701692972947,0.16678149086685673,0.15024436069957517,1.0,0.02600729212727582,0.6399839996461146,0.611138605357444,0.0,0.0,0.0018564356435643563
47,-2.0,30.375,0.12409569597069597,0.07503916783181865,0.04707834667512087,0.875,0.025604080015844723,0.6502482826789284,0.5914729401861755,0.0,0.0,0.000744047619047619
47,0.0,36.875,0.158385817821994,0.0982747346901963,0.06193528693528694,1.0,0.027430673374696145,0.6714425846701426,0.658888818329046,0.0,0.0,0.002564102564102564
47,2.0,34.125,0.19100867248492026,0.12124137009070131,0.090244708994709,1.25,0.039691552686536374,0.656029281938108,0.6113192555518314,0.0,0.0,0.003923519009725906
48,-2.0,34.375,0.09970479870736693,0.049404408227937624,0.021122510750743506,1.125,0.032537814543542765,0.7375465961566594,0.6792889416429003,0.0,0.0,0.002245508982035928
48,0.0,36.875,0.158385817821994,0.0982747346901963,0.06193528693528694,1.0,0.027430673374696145,0.6714425846701426,0.658888818329046,0.0,0.0,0.002564102564102564
48,2.0,33.25,0.13653786569613183,0.07516981183839178,0.04340690435766836,1.0,0.034900281339287804,0.6802667400743749,0.689434176644461,0.0,0.0,0.001893939393939394
49,-2.0,36.375,0.1405722475522253,0.06481617975520415,0.030109397055858036,1.0,0.028210462394470476,0.6841578706367241,0.6546469128480437,0.0,0.0,0.0018656716417910447
49,0.0,36.875,0.158385817821994,0.0982747346901963,0.06193528693528694,1.0,0.027430673374696145,0.6714425846701426,0.658888818329046,0.0,0.0,0.002564102564102564
49,2.0,36.375,0.18727689583211554,0.1233769954164691,0.08064713064713067,1.0,0.02819217514941199,0.6758758097256707,0.6496939464044728,0.0,0.0,0.0016891891891891893
50,-2.0,38.75,0.23502912092422906,0.13842668729258234,0.10486052396511038,1.0,0.02655675235617096,0.6313453257079651,0.5816926774775613,0.0,0.0,0.0018564356435643563
50,0.0,36.875,0.158385817821994,0.0982747346901963,0.06193528693528694,1.0,0.027430673374696145,0.6714425846701426,0.658888818329046,0.0,0.0,0.002564102564102564
50,2.0,32.5,0.23426597911892028,0.15045031596755734,0.12280825791855203,1.0,0.031590287688700175,0.620497440122759,0.5601424617355664,0.0,0.0,0.0037313432835820895
51,-2.0,35.0,0.21880162052859423,0.18171586784563787,0.16795838570032118,1.0,0.029502953000395453,0.6331149927436476,0.6323099676680239,0.0,0.0,0.0024752475247524753
51,0.0,36.875,0.158385817821994,0.0982747346901963,0.06193528693528694,1.0,0.027430673374696145,0.6714425846701426,0.658888818329046,0.0,0.0,0.002564102564102564
51,2.0,35.875,0.15796042140330935,0.10639365351235872,0.07256944444444444,1.0,0.028435446929914298,0.6969412517642736,0.6606925879197072,0.0,0.0,0.001953125
52,-2.0,36.75,0.12475999173481471,0.08966346153846154,0.08092324805339265,1.125,0.031140481695314907,0.6746403892987167,0.6454378836653316,0.0,0.0,0.002027027027027027
52,0.0,36.875,0.158385817821994,0.0982747346901963,0.06193528693528694,1.0,0.027430673374696145,0.6714425846701426,0.658888818329046,0.0,0.0,0.002564102564102564
52,2.0,37.25,0.1554617200425034,0.08560670184589263,0.04531560781560781,1.0,0.027178989804997868,0.6861299698793092,0.6470679186404993,0.0,0.0,0.003289473684210526
53,-2.0,38.0,0.13897480298816145,0.08070738564690177,0.04096279537456009,1.0,0.026609933081215537,0.6983073099314405,0.6774043549712314,0.0,0.0,0.0025
53,0.0,36.875,0.158385817821994,0.0982747346901963,0.06193528693528694,1.0,0.027430673374696145,0.6714425846701426,0.658888818329046,0.0,0.0,0.002564102564102564
53,2.0,36.5,0.2204879124297458,0.1320320881911165,0.0822172619047619,1.0,0.02832372892964908,0.6357225084734303,0.5987921473251591,0.0,0.0,0.0012690355329949238
54,-2.0,33.5,0.1724777312216062,0.11912512218963832,0.09325610632183909,1.0,0.030926369133056568,0.6718476731257433,0.6424101404516304,0.0,0.0,0.0014124293785310734
54,0.0,36.875,0.158385817821994,0.0982747346901963,0.06193528693528694,1.0,0.027430673374696145,0.6714425846701426,0.658888818329046,0.0,0.0,0.002564102564102564
54,2.0,34.875,0.19052856408941934,0.1399010973749123,0.11886200716845878,1.0,0.029317899370879464,0.6863946574290698,0.6459849193162085,0.0,0.0,0.005698338525441329
55,-2.0,35.375,0.11357732010207916,0.060282258064516134,0.030172413793103453,1.0,0.028575651440146347,0.7081432164676783,0.6705838816672858,0.0,0.0,0.0007961783439490446
55,0.0,36.875,0.158385817821994,0.0982747346901963,0.06193528693528694,1.0,0.027430673374696145,0.6714425846701426,0.658888818329046,0.0,0.0,0.002564102564102564
55,2.0,37.0,0.07774937095126298,0.012931034482758619,0.004464285714285712,1.125,0.031548303978839405,0.7233891490229226,0.726828280856398,0.0,0.0,0.0016519823788546256
56,-2.0,32.5,0.12615693882141252,0.06827998601817636,0.04318181818181818,0.875,0.02364595802095802,0.6262844244743692,0.5948011166761167,0.0,0.0,0.0019230769230769232
56,0.0,36.875,0.158385817821994,0.0982747346901963,0.06193528693528694,1.0,0.027430673374696145,0.6714425846701426,0.658888818329046,0.0,0.0,0.002564102564102564
56,2.0,37.125,0.13954866486068113,0.08415293480035752,0.06431451612903225,1.125,0.03106648063898406,0.6898360473842191,0.6661676198098907,0.0,0.0,0.0
57,-2.0,37.0,0.1579008813536098,0.09025708121386027,0.059872159090909094,1.0,0.027327402809348953,0.6829204786183682,0.6436996075459968,0.0,0.0,0.0031847133757961785
57,0.0,36.875,0.158385817821994,0.0982747346901963,0.06193528693528694,1.0,0.027430673374696145,0.6714425846701426,0.658888818329046,0.0,0.0,0.002564102564102564
57,2.0,35.25,0.12137659492800713,0.06695210426828073,0.040927568366592754,1.0,0.0341237678127922,0.7171954805146137,0.7018769125476443,0.0,0.0,0.0013227513227513227
58,-2.0,35.125,0.1032260004226916,0.047546897546897546,0.02253807773109244,1.0,0.028615855260592103,0.6997024141637535,0.6761600843837686,0.0,0.0,0.003308408781927049
58,0.0,36.875,0.158385817821994,0.0982747346901963,0.06193528693528694,1.0,0.027430673374696145,0.6714425846701426,0.658888818329046,0.0,0.0,0.002564102564102564
58,2.0,35.375,0.10065861769809137,0.028445512820512817,0.006578947368421059,1.0,0.029402199111513663,0.7156708333148595,0.7153689132216255,0.0,0.0,0.0006544502617801048
59,-2.0,35.375,0.20369223989580026,0.13895459116047354,0.12042140151515152,1.0,0.029192151923845288,0.643464041087186,0.6272156631824825,0.0,0.0,0.006983458177278402
59,0.0,36.875,0.158385817821994,0.0982747346901963,0.06193528693528694,1.0,0.027430673374696145,0.6714425846701426,0.658888818329046,0.0,0.0,0.002564102564102564
59,2.0,37.0,0.13839530210762346,0.0890080233580549,0.060657121080139376,1.0,0.027549278580510653,0.6886817882491518,0.6658727616137925,0.0,0.0,0.0022727272727272726
60,-2.0,29.125,0.07688078703703705,0.024865591397849468,0.013289473684210518,1.0,0.03937678175483053,0.7706154146143763,0.7515474870657798,0.0,0.0,0.0015527950310559005
60,0.0,36.875,0.158385817821994,0.0982747346901963,0.06193528693528694,1.0,0.027430673374696145,0.6714425846701426,0.658888818329046,0.0,0.0,0.002564102564102564
60,2.0,35.25,0.08046999205087439,0.03471620971620973,0.01953125,1.0,0.028674314807575485,0.7113590566948027,0.7148652802493952,0.0,0.0,0.0037688442211055275
61,-2.0,37.125,0.14191742349637085,0.08092403558601381,0.046539449112978526,1.0,0.027076468773200524,0.685354662454484,0.6495849386182578,0.0,0.0,0.0033967391304347825
61,0.0,36.875,0.158385817821994,0.0982747346901963,0.06193528693528694,1.0,0.027430673374696145,0.6714425846701426,0.658888818329046,0.0,0.0,0.002564102564102564
61,2.0,37.125,0.2519081542000572,0.18765236200581026,0.15399401342446725,1.0,0.027670215391497846,0.6244703672497117,0.5723806315613947,0.0,0.0,0.0018028846153846155
62,-2.0,36.5,0.10686500080383309,0.04998439605294443,0.016115900383141757,1.0,0.027645011238761237,0.708929830235813,0.6910240800865801,0.0,0.0,0.0013089005235602095
62,0.0,36.875,0.158385817821994,0.0982747346901963,0.06193528693528694,1.0,0.027430673374696145,0.6714425846701426,0.658888818329046,0.0,0.0,0.002564102564102564
62,2.0,39.0,0.11480448540280858,0.05274155077230848,0.025657894736842102,1.125,0.03004217831850446,0.7212549660334825,0.6813354673907905,0.0,0.0,0.006578454746194633
63,-2.0,32.5,0.08910498001730273,0.030434655434655428,0.01781631097560976,0.875,0.023926398132663902,0.6589661195330677,0.5876456856114132,0.0,0.0,0.001893939393939394
63,0.0,36.875,0.158385817821994,0.0982747346901963,0.06193528693528694,1.0,0.027430673374696145,0.6714425846701426,0.658888818329046,0.0,0.0,0.002564102564102564
63,2.0,37.0,0.1602185559538501,0.08241065321477428,0.05828445747800587,1.0,0.027680591467356172,0.6993452480671263,0.6319363642893054,0.0,0.0,0.0018472906403940886
