axis,alpha_unit,n,mean_plutchik_max,mean_plutchik_entropy,mean_other_score,frac_other_dominant,top_other_label,top_other_count,top_plutchik,n_unique_other_labels,mean_s_anger,mean_s_anticipation,mean_s_disgust,mean_s_fear,mean_s_joy,mean_s_sadness,mean_s_surprise,mean_s_trust
0,-2.0,8,0.4625,0.5306352722218244,0.4125,0.375,curiosity,1,anticipation,6,0.0,0.375,0.0,0.0,0.1875,0.0,0.0,0.3125
0,0.0,8,0.475,1.0041040091982436,0.375,0.625,indecision,1,anticipation,6,0.0,0.4625,0.0,0.0875,0.1875,0.075,0.0125,0.3875
0,2.0,8,0.5,0.9767142505276873,0.4375,0.625,helplessness,1,anticipation,7,0.0125,0.375,0.025,0.15,0.15,0.1,0.0,0.325
1,-2.0,8,0.4625,1.0231177154596378,0.41250000000000003,0.375,uncertainty,2,anticipation,5,0.0,0.4375,0.0625,0.2125,0.1875,0.0625,0.0875,0.35
1,0.0,8,0.475,0.9615504791160902,0.39999999999999997,0.625,confusion,1,anticipation,7,0.0,0.4625,0.0,0.0875,0.1875,0.075,0.0125,0.35
1,2.0,8,0.375,0.7765333281899973,0.3,0.5,curiosity,2,anticipation,3,0.0,0.35,0.0,0.0,0.125,0.0,0.1375,0.3125
2,-2.0,8,0.325,0.8087852115013223,0.32499999999999996,0.5,intellectual curiosity,1,anticipation,5,0.0375,0.25,0.0,0.025,0.21250000000000002,0.025,0.0,0.2375
2,0.0,8,0.475,0.9192514044072821,0.44999999999999996,0.75,indecision,1,anticipation,7,0.0,0.4625,0.0,0.0875,0.1875,0.075,0.0,0.35
2,2.0,8,0.25,0.41197960832652647,0.2,0.25,self-care,1,anger,4,0.0,0.25,0.0,0.0625,0.125,0.0,0.0,0.1875
3,-2.0,8,0.5375,1.0980397605747227,0.475,0.25,uncertainty,3,anticipation,6,0.0,0.5,0.0,0.07500000000000001,0.25,0.05,0.0375,0.4375
3,0.0,8,0.475,0.9777250994655947,0.27499999999999997,0.375,confusion,1,anticipation,5,0.0,0.4625,0.0,0.0875,0.1875,0.0625,0.0125,0.3875
3,2.0,8,0.3625,0.7255303099353168,0.325,0.25,frustration,1,anger,5,0.0875,0.2625,0.0,0.0375,0.1375,0.0375,0.0,0.2125
4,-2.0,8,0.35,0.5991888110466052,0.4125,0.375,frustration,1,anger,7,0.0375,0.1875,0.0,0.0,0.11249999999999999,0.0,0.025,0.275
4,0.0,8,0.475,0.91063149508184,0.33749999999999997,0.375,indecision,1,anticipation,6,0.0,0.4375,0.0,0.0875,0.15,0.075,0.0,0.35
4,2.0,8,0.375,0.8340597476813912,0.375,0.625,regret,1,anticipation,5,0.0,0.3,0.0,0.0375,0.225,0.0625,0.0625,0.3125
5,-2.0,8,0.5625,0.9020627696632258,0.4125,0.25,uncertainty,2,anticipation,5,0.0,0.325,0.0,0.0875,0.3125,0.0875,0.05,0.35
5,0.0,8,0.475,0.8749070815495509,0.35,0.5,confusion,1,anticipation,6,0.0,0.4625,0.0,0.0875,0.1875,0.075,0.0125,0.2875
5,2.0,8,0.48750000000000004,0.9109835355699447,0.33749999999999997,0.25,anxiety,1,anticipation,5,0.0,0.375,0.0,0.1875,0.15,0.0875,0.0,0.36250000000000004
6,-2.0,8,0.4625,0.9383200504343105,0.46249999999999997,0.625,curiosity,2,anticipation,5,0.0375,0.4375,0.0,0.05,0.3375,0.0,0.0625,0.3375
6,0.0,8,0.475,0.8662871722241088,0.4125,0.625,confusion,1,anticipation,7,0.0,0.4375,0.0,0.0875,0.15,0.075,0.0125,0.2875
6,2.0,8,0.475,0.7414257626741607,0.4125,0.375,confusion,2,trust,5,0.0,0.2125,0.0,0.025,0.35,0.0,0.0,0.35
7,-2.0,8,0.36250000000000004,0.6921710242689337,0.22499999999999998,0.25,self-doubt,1,anticipation,3,0.0,0.2625,0.0,0.1125,0.11249999999999999,0.075,0.0,0.225
7,0.0,8,0.475,0.8910817018990554,0.27499999999999997,0.375,confusion,1,anticipation,5,0.0,0.4625,0.0,0.0875,0.1875,0.0625,0.0125,0.325
7,2.0,8,0.5,0.8220157138659567,0.3625,0.5,commitment,1,anticipation,5,0.0,0.4,0.0,0.0625,0.225,0.0125,0.025,0.375
8,-2.0,8,0.475,0.8503234099583707,0.3125,0.25,confusion,1,anticipation,5,0.0,0.4,0.0,0.0625,0.375,0.0625,0.0,0.2875
8,0.0,8,0.475,0.8326080068407429,0.35,0.5,confusion,1,anticipation,6,0.0,0.4625,0.0,0.0875,0.1875,0.075,0.0,0.2875
8,2.0,8,0.47500000000000003,0.7090501560657874,0.3875,0.375,frustration,2,anger,4,0.1375,0.3,0.0,0.0,0.1875,0.025,0.0,0.3375
9,-2.0,8,0.3125,0.5810764332154579,0.3875,0.375,helplessness,1,anger,6,0.0,0.275,0.0,0.0875,0.125,0.0625,0.0,0.225
9,0.0,8,0.475,0.8326080068407429,0.35,0.5,confusion,1,anticipation,6,0.0,0.4625,0.0,0.0875,0.1875,0.075,0.0,0.2875
9,2.0,8,0.475,1.035280284688791,0.3625,0.375,uncertainty,1,anticipation,6,0.0375,0.425,0.0625,0.05,0.1375,0.0,0.075,0.41250000000000003
10,-2.0,8,0.45,0.7401535792678855,0.3125,0.375,determination,1,anticipation,5,0.0,0.3625,0.0,0.0625,0.2625,0.0625,0.0375,0.2375
10,0.0,8,0.475,0.8910817018990554,0.39999999999999997,0.625,confusion,1,anticipation,7,0.0,0.4625,0.0,0.0875,0.1875,0.0625,0.0125,0.325
10,2.0,8,0.4625,0.8411416778943606,0.3125,0.375,none,1,anticipation,6,0.0625,0.4125,0.05,0.11249999999999999,0.225,0.0,0.0,0.2625
11,-2.0,8,0.3125,0.6359495419938488,0.35,0.375,contentment,2,anticipation,3,0.0,0.3125,0.0,0.0,0.25,0.0,0.0625,0.25
11,0.0,8,0.475,0.9192514044072821,0.3625,0.5,indecision,1,anticipation,6,0.0,0.4625,0.0,0.0875,0.1875,0.075,0.0,0.35
11,2.0,8,0.3375,0.5728032628256077,0.3,0.25,uncertainty,1,anger,5,0.0,0.2125,0.0,0.075,0.1875,0.05,0.0,0.2625
12,-2.0,8,0.4,0.7202789562900294,0.4375,0.375,curiosity,2,anticipation,6,0.0,0.2375,0.0875,0.0,0.2625,0.0625,0.0125,0.2875
12,0.0,8,0.475,0.8326080068407429,0.3625,0.5,indecision,1,anticipation,6,0.0,0.4625,0.0,0.0875,0.1875,0.075,0.0,0.2875
12,2.0,8,0.425,0.8658553392758311,0.3875,0.375,determination,1,anticipation,7,0.0,0.375,0.0,0.0625,0.16249999999999998,0.0625,0.0125,0.3
13,-2.0,8,0.4,0.7071161237170357,0.2,0.125,stress,1,anticipation,3,0.0,0.3625,0.0,0.0375,0.1625,0.0625,0.0,0.3125
13,0.0,8,0.475,0.8326080068407429,0.375,0.625,indecision,1,anticipation,6,0.0,0.4625,0.0,0.0875,0.1875,0.075,0.0,0.2875
13,2.0,8,0.325,0.5196052169849956,0.45,0.625,frustration,2,anger,5,0.0,0.2125,0.0,0.0,0.1625,0.125,0.0375,0.175
14,-2.0,8,0.4375,0.7049943630674967,0.33749999999999997,0.375,frustration,1,anticipation,5,0.0125,0.3125,0.0,0.025,0.1,0.1125,0.0625,0.3125
14,0.0,8,0.475,0.8326080068407429,0.375,0.625,indecision,1,anticipation,6,0.0,0.4625,0.0,0.0875,0.1875,0.075,0.0,0.2875
14,2.0,8,0.5125,0.9340522773346945,0.4125,0.375,determination,1,anticipation,6,0.0,0.4375,0.0625,0.025,0.2625,0.0,0.05,0.375
15,-2.0,8,0.475,0.8849398923780833,0.38749999999999996,0.25,determination,1,anticipation,6,0.0,0.275,0.025,0.025,0.3125,0.05,0.025,0.3375
15,0.0,8,0.475,0.9354260247567867,0.43749999999999994,0.625,indecision,1,anticipation,7,0.0,0.4625,0.0,0.0875,0.1875,0.0625,0.0,0.3875
15,2.0,8,0.4,0.945680621934764,0.4,0.375,indecision,1,anticipation,6,0.05,0.3625,0.0,0.125,0.125,0.1,0.0375,0.1875
16,-2.0,8,0.4,0.7265946143541677,0.275,0.125,skepticism,1,anticipation,4,0.025,0.3125,0.0375,0.1375,0.025,0.05,0.075,0.23750000000000002
16,0.0,8,0.4625,0.8280458195014374,0.35,0.625,indecision,1,anticipation,6,0.0,0.4625,0.0,0.0875,0.1875,0.075,0.0,0.2625
16,2.0,8,0.325,0.816115079772703,0.325,0.25,uncertainty,2,anticipation,4,0.037500000000000006,0.3,0.0,0.1,0.1375,0.1125,0.0,0.275
17,-2.0,8,0.4375,0.937361086308635,0.4125,0.5,confusion,1,anticipation,6,0.0,0.375,0.0375,0.1125,0.3,0.0625,0.0,0.3125
17,0.0,8,0.475,0.7948596990087867,0.35,0.5,indecision,1,anticipation,6,0.0,0.4625,0.0,0.0875,0.1875,0.0625,0.0,0.2875
17,2.0,8,0.3125,0.647569078292281,0.25,0.25,frustration,1,anger,4,0.0875,0.2125,0.025,0.0,0.1,0.0,0.0375,0.15000000000000002
18,-2.0,8,0.375,0.5604718738330127,0.3,0.375,determination,1,anticipation,4,0.0,0.2625,0.0,0.0,0.275,0.0,0.0,0.25
18,0.0,8,0.475,0.8487826271902474,0.35,0.5,confusion,1,anticipation,6,0.0,0.4625,0.0,0.0875,0.1875,0.0625,0.0,0.325
18,2.0,8,0.45,0.8480597767126895,0.175,0.125,uncertainty,1,anticipation,3,0.0,0.4125,0.0,0.0625,0.25,0.0,0.0,0.4375
19,-2.0,8,0.3875,0.5657253334955085,0.4,0.5,self-doubt,1,anticipation,6,0.0,0.3125,0.0,0.0375,0.2,0.0,0.0375,0.175
19,0.0,8,0.475,0.8487826271902474,0.4125,0.5,indecision,1,anticipation,7,0.0,0.4625,0.0,0.0875,0.1875,0.0625,0.0,0.325
19,2.0,8,0.3,0.6176185109592789,0.25,0.25,confusion,1,anticipation,4,0.0625,0.23750000000000002,0.0,0.0,0.1625,0.0,0.0125,0.2375
20,-2.0,8,0.2875,0.5657454911632454,0.1625,0.125,frustration,1,anger,3,0.0,0.2375,0.0,0.0,0.1125,0.0625,0.0,0.225
20,0.0,8,0.475,0.8326080068407429,0.39999999999999997,0.5,indecision,1,anticipation,7,0.0,0.4625,0.0,0.0875,0.1875,0.075,0.0,0.2875
20,2.0,8,0.48750000000000004,0.838326526783527,0.375,0.25,repetitive desire,2,anticipation,4,0.0,0.4,0.0,0.0,0.4625,0.0,0.025,0.325
21,-2.0,8,0.3875,0.6180032600627083,0.47500000000000003,0.625,confusion,2,anticipation,6,0.0,0.275,0.075,0.0375,0.1,0.0,0.07500000000000001,0.2375
21,0.0,8,0.475,0.8326080068407429,0.425,0.5,indecision,1,anticipation,7,0.0,0.4625,0.0,0.0875,0.1875,0.075,0.0,0.2875
21,2.0,8,0.3875,0.8090736989268235,0.375,0.375,motivation,1,anticipation,5,0.0,0.35,0.0,0.025,0.2875,0.0,0.05,0.2875
22,-2.0,8,0.2125,0.5053162432596005,0.35,0.625,confusion,1,anger,5,0.0,0.15,0.0,0.0,0.09999999999999999,0.0,0.0125,0.2
22,0.0,8,0.475,0.8487826271902474,0.3,0.375,indecision,1,anticipation,5,0.0,0.4625,0.0,0.0875,0.1875,0.0625,0.0,0.325
22,2.0,8,0.42500000000000004,0.9664468017136583,0.3875,0.25,unrequited affection,1,anticipation,7,0.0,0.375,0.0,0.0875,0.1875,0.0375,0.0625,0.3625
23,-2.0,8,0.5,0.58019812898178,0.2625,0.0,frustration,1,anticipation,5,0.1,0.3,0.0,0.0,0.1875,0.0,0.025,0.225
23,0.0,8,0.475,0.8239880975153008,0.35,0.375,indecision,1,anticipation,5,0.0,0.4375,0.0,0.0875,0.15,0.075,0.0,0.2875
23,2.0,8,0.5,0.9997369970686573,0.35,0.375,indecision,1,anticipation,5,0.0,0.4375,0.0,0.2125,0.0625,0.15,0.075,0.35
24,-2.0,8,0.5,1.0962667184696349,0.45,0.375,confusion,2,anticipation,6,0.0,0.425,0.0,0.15,0.2,0.15,0.0625,0.425
24,0.0,8,0.475,0.8487826271902474,0.375,0.5,indecision,1,anticipation,6,0.0,0.4625,0.0,0.0875,0.1875,0.0625,0.0,0.325
24,2.0,8,0.4,0.7976876992049948,0.2625,0.125,overwhelmed,1,anticipation,5,0.0,0.3125,0.0,0.0875,0.1125,0.05,0.025,0.32499999999999996
25,-2.0,8,0.4625,1.061399119033168,0.3375,0.25,self-reflection,1,anticipation,5,0.0,0.4125,0.0875,0.075,0.3125,0.0125,0.0,0.3375
25,0.0,8,0.475,0.8749070815495509,0.3625,0.5,indecision,1,anticipation,6,0.0,0.4625,0.0,0.0875,0.1875,0.075,0.0125,0.2875
25,2.0,8,0.4625,0.8932670254420021,0.46249999999999997,0.625,excitement,1,anticipation,6,0.0,0.4375,0.0,0.125,0.275,0.0,0.1125,0.325
26,-2.0,8,0.47500000000000003,0.9856389261667948,0.425,0.25,curiosity,2,trust,6,0.1,0.3,0.0,0.07500000000000001,0.16249999999999998,0.07500000000000001,0.0625,0.3625
26,0.0,8,0.475,0.8371587737175947,0.3625,0.5,indecision,1,anticipation,5,0.0,0.4625,0.0,0.0875,0.1875,0.0625,0.0125,0.2875
26,2.0,8,0.375,0.49000309661597796,0.2625,0.25,determination,1,anticipation,5,0.0,0.35,0.0,0.0625,0.15,0.0,0.0,0.1875
27,-2.0,8,0.4375,0.7862892752936592,0.3625,0.375,indecision,1,anticipation,6,0.0,0.3375,0.0,0.0625,0.275,0.0625,0.025,0.2875
27,0.0,8,0.475,0.9615504791160902,0.4,0.5,indecision,1,anticipation,7,0.0,0.4625,0.0,0.0875,0.1875,0.075,0.0125,0.35
27,2.0,8,0.38749999999999996,0.48081670351104394,0.2875,0.125,self-doubt,1,anger,4,0.0,0.275,0.0,0.1,0.2,0.025,0.0,0.1875
28,-2.0,8,0.275,0.21368457392672233,0.325,0.375,frustration,1,anger,4,0.0875,0.1625,0.0,0.0,0.0625,0.0625,0.0,0.0625
28,0.0,8,0.475,0.8326080068407429,0.27499999999999997,0.375,confusion,1,anticipation,5,0.0,0.4625,0.0,0.0875,0.1875,0.075,0.0,0.2875
28,2.0,8,0.4125,0.9560255898123947,0.38749999999999996,0.5,frustration,2,anticipation,4,0.0875,0.3875,0.075,0.125,0.1875,0.0875,0.0,0.2875
29,-2.0,8,0.25,0.49862300589306574,0.1375,0.125,confusion,1,anger,2,0.0,0.25,0.0,0.0625,0.125,0.0625,0.0,0.1875
29,0.0,8,0.4375,0.7484815484438625,0.3,0.375,confusion,1,anticipation,5,0.0,0.4375,0.0,0.0875,0.1875,0.075,0.0,0.25
29,2.0,8,0.4625,0.7736063171616443,0.275,0.25,indecision,1,anticipation,5,0.0,0.2875,0.0,0.125,0.175,0.125,0.025,0.25
30,-2.0,8,0.4375,0.6007470542628771,0.4125,0.375,repetitive behavior,1,anticipation,6,0.0,0.4,0.0,0.0875,0.1875,0.0375,0.0,0.1875
30,0.0,8,0.475,0.8326080068407429,0.39999999999999997,0.5,confusion,1,anticipation,6,0.0,0.4625,0.0,0.0875,0.1875,0.075,0.0,0.2875
30,2.0,8,0.3125,0.7137519011380937,0.30000000000000004,0.375,self-doubt,1,anticipation,5,0.0125,0.25,0.0,0.1,0.05,0.0625,0.0,0.21250000000000002
31,-2.0,8,0.5125,0.8976607861122616,0.44999999999999996,0.5,uncertainty,2,anticipation,6,0.0,0.38749999999999996,0.0,0.0875,0.1625,0.0,0.05,0.4125
31,0.0,8,0.475,0.8326080068407429,0.35,0.5,indecision,1,anticipation,6,0.0,0.4625,0.0,0.0875,0.1875,0.075,0.0,0.2875
31,2.0,8,0.3125,0.6809300632146268,0.1625,0.125,frustration,1,anticipation,3,0.0625,0.2625,0.0,0.0,0.125,0.0375,0.0,0.25
32,-2.0,8,0.5,0.8128808576868043,0.425,0.375,anxiety about preparation,1,anticipation,6,0.0,0.375,0.0,0.0625,0.3125,0.0625,0.11249999999999999,0.2625
32,0.0,8,0.475,0.8326080068407429,0.375,0.5,indecision,1,anticipation,6,0.0,0.4625,0.0,0.0875,0.1875,0.075,0.0,0.2875
32,2.0,8,0.4125,0.6848529593672092,0.325,0.25,enthusiasm,1,anger,4,0.0,0.2625,0.0,0.0,0.3875,0.0,0.025,0.3375
33,-2.0,8,0.4625,0.700722006776978,0.1875,0.0,repetitive reassurance,1,anticipation,3,0.0,0.275,0.0,0.0,0.4375,0.0,0.025,0.35
33,0.0,8,0.4375,0.8512995663599063,0.38749999999999996,0.5,indecision,1,anticipation,6,0.0,0.4375,0.0,0.0875,0.1875,0.0625,0.0,0.35
33,2.0,8,0.425,0.9528030200468427,0.4625,0.75,self-doubt,1,anticipation,6,0.0375,0.375,0.05,0.1375,0.175,0.0625,0.037500000000000006,0.2875
34,-2.0,8,0.275,0.4060589643710154,0.2625,0.125,confusion,1,anger,4,0.0,0.175,0.0,0.0875,0.075,0.0625,0.0625,0.1125
34,0.0,8,0.475,0.8326080068407429,0.39999999999999997,0.5,indecision,1,anticipation,7,0.0,0.4625,0.0,0.0875,0.1875,0.075,0.0,0.2875
34,2.0,8,0.4625,0.8980612987265252,0.4125,0.375,frustration,1,anticipation,6,0.0125,0.42500000000000004,0.0,0.1,0.30000000000000004,0.07500000000000001,0.0,0.25
35,-2.0,8,0.4125,0.9413329395730505,0.43749999999999994,0.5,indecision,1,anticipation,6,0.0,0.3625,0.0,0.15,0.175,0.1,0.0,0.2875
35,0.0,8,0.475,0.8749070815495509,0.44999999999999996,0.75,indecision,1,anticipation,6,0.0,0.4625,0.0,0.0875,0.1875,0.075,0.0125,0.2875
35,2.0,8,0.5,0.8872598254405561,0.5375,0.5,curiosity,2,anticipation,7,0.0,0.3375,0.0625,0.0,0.225,0.0625,0.0625,0.4375
36,-2.0,8,0.375,0.6309505844299426,0.21250000000000002,0.0,contentment,1,anticipation,4,0.0,0.26249999999999996,0.0,0.0,0.1375,0.025,0.0,0.3125
36,0.0,8,0.475,0.9615504791160902,0.425,0.5,indecision,1,anticipation,6,0.0,0.4625,0.0,0.0875,0.1875,0.075,0.0125,0.35
36,2.0,8,0.4625,0.798888675918296,0.26249999999999996,0.125,paranoid uncertainty,1,anticipation,3,0.0,0.375,0.0,0.175,0.21250000000000002,0.0,0.0375,0.2875
37,-2.0,8,0.4375,0.9818540630441848,0.275,0.25,confusion,1,anticipation,5,0.0,0.3875,0.0,0.0875,0.3125,0.05,0.025,0.375
37,0.0,8,0.475,0.8749070815495509,0.425,0.625,confusion,1,anticipation,7,0.0,0.4625,0.0,0.0875,0.1875,0.075,0.0125,0.2875
37,2.0,8,0.4875,0.9819691278403284,0.3,0.25,self-doubt,1,anticipation,5,0.0,0.4875,0.0,0.0625,0.3875,0.0,0.0625,0.3875
38,-2.0,8,0.35,0.5215135509687978,0.4125,0.375,frustration,1,anger,6,0.1,0.275,0.0,0.0625,0.1,0.0875,0.0,0.125
38,0.0,8,0.475,0.8239880975153008,0.425,0.5,indecision,1,anticipation,6,0.0,0.4375,0.0,0.0875,0.15,0.075,0.0,0.2875
38,2.0,8,0.525,0.7769226107675242,0.375,0.375,paranoid hypervigilance,1,anticipation,5,0.0,0.38749999999999996,0.0,0.1625,0.225,0.0,0.0125,0.275
39,-2.0,8,0.35,0.5986344529631651,0.2,0.0,frustration,1,anger,3,0.025,0.24999999999999997,0.0,0.0875,0.1,0.0,0.0,0.275
39,0.0,8,0.475,0.8487826271902474,0.4125,0.625,confusion,1,anticipation,7,0.0,0.4625,0.0,0.0875,0.1875,0.0625,0.0,0.325
39,2.0,8,0.4,0.805248032981845,0.4625,0.5,uncertainty,2,anticipation,5,0.0,0.3625,0.0,0.1,0.1375,0.11249999999999999,0.0,0.3
40,-2.0,8,0.4375,0.7642728043437299,0.3875,0.5,eagerness,1,anticipation,5,0.0,0.41250000000000003,0.0,0.0875,0.2,0.0125,0.0,0.325
40,0.0,8,0.475,0.8326080068407429,0.4,0.375,indecision,1,anticipation,7,0.0,0.4625,0.0,0.0875,0.1875,0.075,0.0,0.2875
40,2.0,8,0.4375,0.7149651814006259,0.3125,0.375,inner conflict,1,anticipation,5,0.0,0.3375,0.0,0.0875,0.225,0.075,0.0625,0.225
41,-2.0,8,0.4,0.86742393556267,0.4,0.375,confusion,1,anticipation,6,0.0,0.325,0.0,0.125,0.1875,0.0625,0.025,0.2625
41,0.0,8,0.475,0.8487826271902474,0.39999999999999997,0.5,indecision,1,anticipation,7,0.0,0.4625,0.0,0.0875,0.1875,0.0625,0.0,0.325
41,2.0,8,0.48750000000000004,0.9566851374647497,0.375,0.375,indecision,1,anticipation,5,0.0,0.425,0.0875,0.0,0.2625,0.0,0.1625,0.2875
42,-2.0,8,0.3375,0.5609474583239337,0.3875,0.5,uncertainty,2,anticipation,4,0.0,0.25,0.0,0.0625,0.1,0.0625,0.0375,0.15
42,0.0,8,0.475,0.8326080068407429,0.425,0.625,confusion,1,anticipation,7,0.0,0.4625,0.0,0.0875,0.1875,0.075,0.0,0.2875
42,2.0,8,0.525,1.0770402566992172,0.5625,0.625,frustration,1,anticipation,8,0.0875,0.4375,0.025,0.125,0.2375,0.05,0.0875,0.3
43,-2.0,8,0.475,0.8196191814715339,0.36250000000000004,0.375,confusion,2,anticipation,5,0.0,0.3875,0.0625,0.075,0.0375,0.1125,0.05,0.3125
43,0.0,8,0.475,0.8824617925736133,0.4125,0.5,indecision,1,anticipation,7,0.0,0.4375,0.0,0.0875,0.15,0.0625,0.0125,0.325
43,2.0,8,0.4375,0.8910593041331676,0.375,0.125,cynicism,1,anger,5,0.075,0.23750000000000002,0.0625,0.1,0.1875,0.07500000000000001,0.037500000000000006,0.325
44,-2.0,8,0.3375,0.7856633903867928,0.3375,0.375,confusion,1,anticipation,6,0.0,0.2875,0.0,0.1375,0.15,0.075,0.0,0.2375
44,0.0,8,0.475,0.8910817018990554,0.38749999999999996,0.5,confusion,1,anticipation,7,0.0,0.4625,0.0,0.0875,0.1875,0.0625,0.0125,0.325
44,2.0,8,0.375,0.6719098010744986,0.25,0.125,uncertainty,1,anticipation,4,0.0,0.3125,0.0,0.0,0.25,0.0,0.0,0.375
45,-2.0,8,0.375,0.7401237079011129,0.32499999999999996,0.5,hunger,1,anticipation,4,0.0,0.3375,0.0,0.0,0.225,0.05,0.0875,0.25
45,0.0,8,0.475,0.8487826271902474,0.425,0.5,indecision,1,anticipation,7,0.0,0.4625,0.0,0.0875,0.1875,0.0625,0.0,0.325
45,2.0,8,0.4375,0.7225929396087424,0.35,0.5,determination,1,anticipation,5,0.0,0.4375,0.0,0.0625,0.1875,0.0,0.0625,0.3125
46,-2.0,8,0.2875,0.6042691570812992,0.3375,0.375,apprehension,1,anger,5,0.0,0.22499999999999998,0.0625,0.075,0.1,0.05,0.0,0.2125
46,0.0,8,0.475,0.8910817018990554,0.32499999999999996,0.375,confusion,1,anticipation,5,0.0,0.4625,0.0,0.0875,0.1875,0.0625,0.0125,0.325
46,2.0,8,0.375,0.7783898361856916,0.39999999999999997,0.375,fatigue,1,anticipation,6,0.0,0.2375,0.0,0.1375,0.1625,0.09999999999999999,0.0,0.2875
47,-2.0,8,0.3625,0.7104029940371432,0.375,0.375,eagerness,1,anticipation,5,0.0,0.2875,0.0625,0.0,0.2625,0.0,0.0375,0.275
47,0.0,8,0.475,0.8326080068407429,0.45,0.75,confusion,1,anticipation,7,0.0,0.4625,0.0,0.0875,0.1875,0.075,0.0,0.2875
47,2.0,8,0.45,0.8704907792491051,0.3125,0.25,frustration,2,anticipation,4,0.1,0.2875,0.0125,0.0125,0.25,0.0125,0.05,0.275
48,-2.0,8,0.475,1.1464375157096858,0.475,0.5,confusion,1,anticipation,7,0.0,0.39999999999999997,0.025,0.0625,0.3,0.0375,0.037500000000000006,0.4125
48,0.0,8,0.475,0.8239880975153008,0.4125,0.5,confusion,1,anticipation,7,0.0,0.4375,0.0,0.0875,0.15,0.075,0.0,0.2875
48,2.0,8,0.375,0.7225929395845653,0.36250000000000004,0.25,determination,1,anticipation,6,0.0,0.375,0.0,0.0,0.25,0.0,0.0625,0.3125
49,-2.0,8,0.5125,1.0719336183173596,0.48750000000000004,0.375,uncertainty,2,anticipation,6,0.0,0.46249999999999997,0.0,0.0625,0.4125,0.1,0.0375,0.275
49,0.0,8,0.475,0.8285388643921527,0.425,0.625,indecision,1,anticipation,6,0.0,0.4375,0.0,0.0875,0.15,0.0625,0.0125,0.2875
49,2.0,8,0.4625,0.8075633061007935,0.15,0.125,academic ambition,1,anticipation,2,0.0,0.4375,0.0,0.0,0.25,0.0,0.0,0.4625
50,-2.0,8,0.4,0.9155474506763357,0.41250000000000003,0.5,uncertainty,2,trust,5,0.0,0.26249999999999996,0.0,0.0625,0.1625,0.05,0.025,0.36250000000000004
50,0.0,8,0.475,0.8239880975153008,0.35,0.5,confusion,1,anticipation,6,0.0,0.4375,0.0,0.0875,0.15,0.075,0.0,0.2875
50,2.0,8,0.3,0.5204250119316095,0.2375,0.375,enthusiasm,1,anticipation,4,0.0,0.2875,0.0,0.0,0.1375,0.0,0.0,0.2125
51,-2.0,8,0.4375,0.8655465857932535,0.38749999999999996,0.375,frustration,2,anticipation,4,0.025,0.3625,0.0,0.0625,0.1625,0.1,0.0625,0.3
51,0.0,8,0.4375,0.7107332406119063,0.26249999999999996,0.25,confusion,1,anticipation,4,0.0,0.4375,0.0,0.0875,0.1875,0.0625,0.0,0.25
51,2.0,8,0.5625,1.0463575360478297,0.5625,0.375,uncertainty,2,anticipation,7,0.0,0.375,0.0375,0.19999999999999998,0.3125,0.1,0.0625,0.3625
52,-2.0,8,0.4375,0.8330983077106406,0.32499999999999996,0.25,encouragement,1,anticipation,5,0.0,0.375,0.0,0.025,0.225,0.0625,0.0125,0.375
52,0.0,8,0.475,0.932794029556623,0.375,0.625,confusion,1,anticipation,5,0.0,0.4375,0.0,0.0875,0.175,0.0625,0.0,0.3875
52,2.0,8,0.375,0.6333175468178623,0.35,0.375,confusion,1,anticipation,5,0.0,0.35,0.0,0.0625,0.1875,0.0625,0.0625,0.175
53,-2.0,8,0.4,1.0214635018383207,0.4,0.625,self-doubt,1,anticipation,5,0.0375,0.3125,0.025,0.1625,0.175,0.1875,0.025,0.2875
53,0.0,8,0.4625,0.9308638374174812,0.4125,0.625,indecision,1,anticipation,6,0.0,0.4625,0.0,0.0875,0.1875,0.0625,0.0,0.36250000000000004
53,2.0,8,0.4,0.6842522392339746,0.35,0.375,frustration,1,anger,5,0.1,0.225,0.0375,0.0875,0.1625,0.0625,0.0625,0.1875
54,-2.0,8,0.375,0.5872303459462327,0.2875,0.375,uncertainty,2,anticipation,3,0.0,0.325,0.0,0.0625,0.025,0.0,0.0375,0.2875
54,0.0,8,0.475,0.91063149508184,0.4125,0.5,indecision,1,anticipation,6,0.0,0.4375,0.0,0.0875,0.15,0.075,0.0,0.35
54,2.0,8,0.5,1.002590173599316,0.4125,0.5,frustration,1,anticipation,6,0.1,0.4125,0.0,0.05,0.25,0.0,0.0125,0.38749999999999996
55,-2.0,8,0.4375,0.9698443635124241,0.4375,0.5,self-doubt,1,anticipation,7,0.0,0.3125,0.0,0.075,0.325,0.125,0.0375,0.225
55,0.0,8,0.4625,0.9146892170679767,0.32499999999999996,0.5,confusion,1,anticipation,6,0.0,0.4625,0.0,0.0875,0.1875,0.075,0.0,0.325
55,2.0,8,0.5375000000000001,1.096956393776923,0.3875,0.25,curiosity,2,anticipation,5,0.0,0.4875,0.0,0.125,0.30000000000000004,0.05,0.0,0.4875
56,-2.0,8,0.3125,0.5647867951615041,0.22499999999999998,0.25,confusion,1,anticipation,3,0.0,0.2875,0.0,0.0875,0.0875,0.0625,0.0,0.1875
56,0.0,8,0.475,0.8326080068407429,0.3625,0.5,indecision,1,anticipation,6,0.0,0.4625,0.0,0.0875,0.1875,0.075,0.0,0.2875
56,2.0,8,0.3125,0.6780127711784735,0.2,0.125,determination,1,anticipation,3,0.0,0.2875,0.0,0.0,0.275,0.0,0.0625,0.25
57,-2.0,8,0.4,0.7928838098685387,0.3625,0.5,generosity,1,anticipation,5,0.0,0.3625,0.0375,0.0875,0.1625,0.0,0.0,0.375
57,0.0,8,0.475,0.8239880975153008,0.425,0.625,confusion,1,anticipation,7,0.0,0.4375,0.0,0.0875,0.15,0.075,0.0,0.2875
57,2.0,8,0.3875,0.8045541260836395,0.3,0.5,uncertainty,1,anticipation,4,0.0,0.375,0.0,0.025,0.25,0.025,0.0625,0.3
58,-2.0,8,0.4375,0.9312323294672267,0.39999999999999997,0.5,relaxed acceptance,1,anticipation,6,0.0125,0.4,0.0,0.0625,0.275,0.0125,0.0,0.4125
58,0.0,8,0.4625,0.8280458195014374,0.4,0.5,confusion,1,anticipation,7,0.0,0.4625,0.0,0.0875,0.1875,0.075,0.0125,0.25
58,2.0,8,0.45,0.8648673877413015,0.41250000000000003,0.375,existential uncertainty,1,anticipation,6,0.0,0.375,0.0,0.0875,0.2625,0.0,0.1375,0.375
59,-2.0,8,0.2875,0.559608274671658,0.375,0.5,confusion,1,anger,5,0.0,0.2,0.0,0.0,0.225,0.025,0.0,0.2125
59,0.0,8,0.475,0.9777250994655947,0.35,0.5,confusion,1,anticipation,6,0.0,0.4625,0.0,0.0875,0.1875,0.0625,0.0125,0.3875
59,2.0,8,0.5375000000000001,0.9242340648934573,0.3,0.25,determination,1,anticipation,5,0.0,0.4625,0.0,0.075,0.26249999999999996,0.0625,0.05,0.35
60,-2.0,8,0.35,0.852309641481892,0.25,0.25,disappointment,1,anticipation,5,0.0,0.3,0.0,0.1,0.1,0.1,0.075,0.275
60,0.0,8,0.475,0.7948596990087867,0.35,0.5,confusion,1,anticipation,6,0.0,0.4625,0.0,0.0875,0.1875,0.0625,0.0,0.2875
60,2.0,8,0.475,0.9487753786036812,0.5375000000000001,0.625,confusion,1,anticipation,8,0.0,0.4375,0.0375,0.075,0.25,0.025,0.0125,0.375
61,-2.0,8,0.4875,0.8441212344679627,0.4125,0.375,excitement,1,anticipation,6,0.0,0.4375,0.0,0.075,0.275,0.05,0.0,0.375
61,0.0,8,0.475,0.8824617925736133,0.33749999999999997,0.5,confusion,1,anticipation,6,0.0,0.4375,0.0,0.0875,0.15,0.0625,0.0125,0.325
61,2.0,8,0.3125,0.4652085669168542,0.22499999999999998,0.375,identity crisis,1,anger,3,0.0,0.2375,0.0,0.1,0.0125,0.0625,0.0,0.1875
62,-2.0,8,0.47500000000000003,0.889871637307958,0.4125,0.5,frustration,1,anticipation,6,0.0875,0.3625,0.037500000000000006,0.0125,0.2875,0.0375,0.05,0.25
62,0.0,8,0.475,0.9615504791160902,0.425,0.625,confusion,1,anticipation,7,0.0,0.4625,0.0,0.0875,0.1875,0.075,0.0125,0.35
62,2.0,8,0.4125,0.6655629735027492,0.3375,0.25,self-doubt,1,anticipation,5,0.0,0.275,0.0,0.1125,0.1625,0.075,0.0,0.2125
63,-2.0,8,0.3375,0.7340506091121024,0.21249999999999997,0.25,disappointment,1,anticipation,3,0.0,0.2875,0.0,0.025,0.1625,0.0625,0.0,0.3375
63,0.0,8,0.475,0.8326080068407429,0.3625,0.5,indecision,1,anticipation,6,0.0,0.4625,0.0,0.0875,0.1875,0.075,0.0,0.2875
63,2.0,8,0.4125,0.9065623526056188,0.4125,0.5,confusion,1,anticipation,7,0.0,0.3625,0.0,0.11249999999999999,0.1375,0.0875,0.0375,0.2625
